[10-03 19:39:11] status: 0/29 done, 29 queued, 0 running on 0 VMs, spent $1.74
[10-03 19:39:46] create mhc-exp11-563512 in asia-southeast1-b failed: capacity
[10-03 19:39:46] create mhc-exp11-563511 in asia-southeast1-b failed: an internal error has occurred
[10-03 19:39:56] create mhc-exp11-563513 in asia-southeast1-b failed: capacity
[10-03 19:39:56] create mhc-exp11-563514 in asia-southeast1-b failed: an internal error has occurred
[10-03 19:40:01] create mhc-exp11-563511 in us-central1-a failed: capacity
[10-03 19:40:03] create mhc-exp11-563512 in us-central1-a failed: capacity
[10-03 19:40:31] create mhc-exp11-563514 in us-central1-a failed: capacity
[10-03 19:40:41] create mhc-exp11-563513 in us-central1-a failed: capacity
[10-03 19:43:41] create mhc-exp11-564749 in us-central1-b failed: You have reached IN_USE_ADDRESSES limit. [EID: 0xa36ae5c6bf09abeb]
[10-03 19:43:47] create mhc-exp11-563513 in us-central1-b failed: You have reached IN_USE_ADDRESSES limit. [EID: 0xcf9bf217436c1ca0]
[10-03 19:43:48] create mhc-exp11-564749 in us-central1-c failed: capacity
[10-03 19:43:48] create mhc-exp11-563511 in us-central1-b failed: You have reached IN_USE_ADDRESSES limit. [EID: 0xac8a17ad3e9a85cc]
[10-03 19:43:58] create mhc-exp11-563514 in us-central1-b failed: You have reached INSTANCES limit. [EID: 0xa0ca23a39b28c2a6]
[10-03 19:43:59] create mhc-exp11-5647412 in us-central1-b failed: You have reached INSTANCES limit. [EID: 0xd53e04d5bc485666]
[10-03 19:44:00] create mhc-exp11-5647411 in us-central1-b failed: You have reached IN_USE_ADDRESSES limit. [EID: 0x6ea23ecbf1885a88]
[10-03 19:44:00] create mhc-exp11-564135 in us-central1-b failed: You have reached INSTANCES limit. [EID: 0x10dde8fca19079cc]
[10-03 19:44:01] create mhc-exp11-564136 in us-central1-b failed: an internal error has occurred
[10-03 19:44:01] create mhc-exp11-564137 in us-central1-b failed: You have reached IN_USE_ADDRESSES limit. [EID: 0xda4db9a3a84835ef]
[10-03 19:44:11] create mhc-exp11-563512 in us-central1-b failed: an internal error has occurred
[10-03 19:45:01] created mhc-exp11-564138 in us-central1-b
[10-03 19:45:22] created mhc-exp11-5647410 in us-central1-b
[10-03 19:45:45] mhc-exp11-564138: set up (data ok: 21 shards)
[10-03 19:46:05] mhc-exp11-5647410: set up (data ok: 21 shards)
[10-03 19:46:18] create mhc-exp11-5672128 in asia-southeast1-b failed: capacity
[10-03 19:46:25] v6e-mhc-h1-s0: started on mhc-exp11-5647410 chip 0
[10-03 19:46:25] v6e-a-global-h4-s0: started on mhc-exp11-564138 chip 0
[10-03 19:46:35] create mhc-exp11-5672127 in asia-southeast1-b failed: an internal error has occurred
[10-03 19:46:35] create mhc-exp11-5672125 in asia-southeast1-b failed: an internal error has occurred
[10-03 19:46:36] create mhc-exp11-5672126 in asia-southeast1-b failed: capacity
[10-03 19:47:25] create mhc-exp11-5672127 in us-east1-d failed: quota (Quota limit 'TPUV6EPreemptiblePerProjectPerZoneForTPUAPI' has been exceeded. Limit: 16 in zone us-east1-d.)
[10-03 19:47:30] create mhc-exp11-5672125 in us-east1-d failed: quota (Quota limit 'TPUV6EPreemptiblePerProjectPerZoneForTPUAPI' has been exceeded. Limit: 16 in zone us-east1-d.)
[10-03 19:47:31] create mhc-exp11-5672127 in us-west1-c failed: capacity
[10-03 19:47:31] create mhc-exp11-5672126 in us-east1-d failed: quota (Quota limit 'TPUV6EPreemptiblePerProjectPerZoneForTPUAPI' has been exceeded. Limit: 16 in zone us-east1-d.)
[10-03 19:47:36] create mhc-exp11-5672125 in us-west1-c failed: capacity
[10-03 19:47:37] create mhc-exp11-5672127 in us-south1-a failed: capacity
[10-03 19:47:40] create mhc-exp11-5672126 in us-south1-a failed: capacity
[10-03 19:47:41] create mhc-exp11-5672125 in us-south1-a failed: capacity
[10-03 19:47:55] create mhc-exp11-5672127 in us-south1-c failed: an internal error has occurred
[10-03 19:47:57] create mhc-exp11-5672126 in us-south1-c failed: an internal error has occurred
[10-03 19:48:00] create mhc-exp11-5672125 in us-south1-c failed: an internal error has occurred
[10-03 19:48:07] create mhc-exp11-5653613 in us-central1-b failed: You have reached IN_USE_ADDRESSES limit. [EID: 0x48fea28b30855c84]
[10-03 19:48:08] create mhc-exp11-5653615 in us-central1-b failed: You have reached IN_USE_ADDRESSES limit. [EID: 0xd821aff6b610b325]
[10-03 19:48:08] create mhc-exp11-5659819 in us-central1-b failed: You have reached IN_USE_ADDRESSES limit. [EID: 0x2eeed5b14f6f48e1]
[10-03 19:48:08] create mhc-exp11-5653616 in us-central1-b failed: You have reached IN_USE_ADDRESSES limit. [EID: 0x3ba75e2ab0e8571]
[10-03 19:48:09] create mhc-exp11-5659818 in us-central1-b failed: You have reached INSTANCES limit. [EID: 0xfc7d41df29d55125]
[10-03 19:48:11] create mhc-exp11-5659820 in us-central1-b failed: You have reached IN_USE_ADDRESSES limit. [EID: 0x8a72a4d8e6598d8e]
[10-03 19:48:50] create mhc-exp11-5653614 in us-central1-b failed: an internal error has occurred
[10-03 19:48:51] create mhc-exp11-5659817 in us-central1-b failed: an internal error has occurred
[10-03 19:51:56] create mhc-exp11-5665923 in us-east1-d failed: You have reached IN_USE_ADDRESSES limit. [EID: 0xf6092a99d1324903]
[10-03 19:52:00] create mhc-exp11-5647411 in us-east1-d failed: You have reached IN_USE_ADDRESSES limit. [EID: 0x8cddda7bd0ba2a3b]
[10-03 19:52:08] create mhc-exp11-563513 in us-east1-d failed: You have reached IN_USE_ADDRESSES limit. [EID: 0x839e5994986c6cc4]
[10-03 19:52:08] create mhc-exp11-564749 in us-east1-d failed: You have reached IN_USE_ADDRESSES limit. [EID: 0x3ecea27bf820a996]
[10-03 19:52:10] create mhc-exp11-563512 in us-east1-d failed: You have reached IN_USE_ADDRESSES limit. [EID: 0x6e13a85b399bb42d]
[10-03 19:52:12] create mhc-exp11-563511 in us-east1-d failed: You have reached IN_USE_ADDRESSES limit. [EID: 0x7d5b154532cb0c67]
[10-03 19:52:15] create mhc-exp11-5665922 in us-east1-d failed: You have reached INSTANCES limit. [EID: 0x36bd92949a88ffe7]
[10-03 19:52:17] create mhc-exp11-5678529 in us-east1-d failed: You have reached IN_USE_ADDRESSES limit. [EID: 0x21c986608f79641c]
[10-03 19:52:17] create mhc-exp11-5665921 in us-east1-d failed: You have reached IN_USE_ADDRESSES limit. [EID: 0xf02e62d2ef581f5b]
[10-03 19:52:18] create mhc-exp11-563514 in us-east1-d failed: You have reached IN_USE_ADDRESSES limit. [EID: 0x2ef386d4ca9f4f26]
[10-03 19:52:18] create mhc-exp11-5647412 in us-east1-d failed: You have reached INSTANCES limit. [EID: 0xe1622b307bb58f3e]
[10-03 19:52:19] create mhc-exp11-564137 in us-east1-d failed: You have reached IN_USE_ADDRESSES limit. [EID: 0xe6d91f3e62da065c]
[10-03 19:52:20] create mhc-exp11-564136 in us-east1-d failed: You have reached IN_USE_ADDRESSES limit. [EID: 0x9993ffe12d342868]
[10-03 19:52:30] create mhc-exp11-5672128 in us-east1-d failed: You have reached IN_USE_ADDRESSES limit. [EID: 0x42315eb9c76fe9a2]
[10-03 19:52:38] create mhc-exp11-5665924 in us-east1-d failed: You have reached IN_USE_ADDRESSES limit. [EID: 0xf47eba6615d5bbf8]
[10-03 19:52:41] create mhc-exp11-564135 in us-east1-d failed: You have reached IN_USE_ADDRESSES limit. [EID: 0xc17deeeedc9ce202]
[10-03 19:54:50] status: 0/29 done, 27 queued, 2 running on 2 VMs, spent $3.27
[10-03 19:55:08] create mhc-exp11-5722750 in us-south1-c failed: an internal error has occurred
[10-03 19:55:09] create mhc-exp11-5722753 in us-south1-c failed: an internal error has occurred
[10-03 19:55:09] create mhc-exp11-5722751 in us-south1-c failed: an internal error has occurred
[10-03 19:55:09] create mhc-exp11-5722752 in us-south1-c failed: an internal error has occurred
[10-03 19:56:02] create mhc-exp11-5735360 in us-central1-a failed: capacity
[10-03 19:56:04] create mhc-exp11-5735358 in us-central1-a failed: capacity
[10-03 19:56:05] create mhc-exp11-5735359 in us-central1-a failed: capacity
[10-03 19:56:05] create mhc-exp11-5735361 in us-central1-a failed: capacity
[10-03 19:57:50] adopted mhc-exp11-564138 (us-central1-b): running ['v6e-a-global-h4-s0']
[10-03 19:57:51] adopted mhc-exp11-5647410 (us-central1-b): running ['v6e-mhc-h1-s0']
[10-03 19:57:55] status: 0/31 done, 29 queued, 2 running on 2 VMs, spent $3.59
[10-03 19:58:54] create mhc-exp11-574753 in asia-southeast1-b failed: quota (Quota limit 'TPUV6EPreemptiblePerProjectPerZoneForTPUAPI' has been exceeded. Limit: 16 in zone asia-southeast1-b.)
[10-03 19:59:09] create mhc-exp11-574751 in asia-southeast1-b failed: capacity
[10-03 19:59:11] create mhc-exp11-574752 in asia-southeast1-b failed: capacity
[10-03 19:59:34] create mhc-exp11-574751 in us-central1-a failed: capacity
[10-03 19:59:41] create mhc-exp11-574753 in us-central1-a failed: capacity
[10-03 20:00:17] create mhc-exp11-574752 in us-central1-a failed: capacity
[10-03 20:00:19] create mhc-exp11-574751 in us-central1-b failed: quota (Quota limit 'TPUV6EPreemptiblePerProjectPerZoneForTPUAPI' has been exceeded. Limit: 16 in zone us-central1-b.)
[10-03 20:00:24] create mhc-exp11-574751 in us-central1-c failed: capacity
[10-03 20:00:27] create mhc-exp11-574753 in us-central1-b failed: quota (Quota limit 'TPUV6EPreemptiblePerProjectPerZoneForTPUAPI' has been exceeded. Limit: 16 in zone us-central1-b.)
[10-03 20:01:03] create mhc-exp11-574752 in us-central1-b failed: quota (Quota limit 'TPUV6EPreemptiblePerProjectPerZoneForTPUAPI' has been exceeded. Limit: 16 in zone us-central1-b.)
[10-03 20:01:59] create mhc-exp11-574752 in us-east1-d failed: quota (Quota limit 'TPUV6EPreemptiblePerProjectPerZoneForTPUAPI' has been exceeded. Limit: 16 in zone us-east1-d.)
[10-03 20:02:05] create mhc-exp11-574752 in us-west1-c failed: capacity
[10-03 20:02:14] create mhc-exp11-574752 in us-south1-a failed: capacity
[10-03 20:03:00] create mhc-exp11-574752 in us-south1-c failed: an internal error has occurred
[10-03 20:03:32] create mhc-exp11-574751 in us-east1-d failed: regional limit
[10-03 20:03:35] create mhc-exp11-574753 in us-east1-d failed: regional limit
[10-03 20:06:54] adopted mhc-exp11-564138 (us-central1-b): running ['v6e-a-global-h4-s0']
[10-03 20:06:55] adopted mhc-exp11-5647410 (us-central1-b): running ['v6e-mhc-h1-s0']
[10-03 20:06:59] status: 0/31 done, 29 queued, 2 running on 2 VMs, spent $4.54
[10-03 20:07:56] create mhc-exp11-580191 (v6e-8) in asia-southeast1-b failed: quota (Quota limit 'TPUV6EPreemptiblePerProjectPerZoneForTPUAPI' has been exceeded. Limit: 16 in zone asia-southeast1-b.)
[10-03 20:08:13] create mhc-exp11-580193 (v6e-8) in asia-southeast1-b failed: capacity
[10-03 20:08:14] create mhc-exp11-580192 (v6e-8) in asia-southeast1-b failed: capacity
[10-03 20:08:57] create mhc-exp11-580192 (v6e-4) in asia-southeast1-b failed: capacity
[10-03 20:09:10] create mhc-exp11-580191 (v6e-4) in asia-southeast1-b failed: an internal error has occurred
[10-03 20:09:11] create mhc-exp11-580193 (v6e-4) in asia-southeast1-b failed: capacity
[10-03 20:09:36] create mhc-exp11-580193 (v6e-8) in us-central1-a failed: capacity
[10-03 20:09:43] create mhc-exp11-580192 (v6e-8) in us-central1-a failed: capacity
[10-03 20:09:54] adopted mhc-exp11-564138 (us-central1-b): running ['v6e-a-global-h4-s0']
[10-03 20:09:55] adopted mhc-exp11-5647410 (us-central1-b): running ['v6e-mhc-h1-s0']
[10-03 20:09:59] status: 0/31 done, 29 queued, 2 running on 2 VMs, spent $4.86
[10-03 20:10:57] create mhc-exp11-581993 (v6e-8) in asia-southeast1-b failed: quota (Quota limit 'TPUV6EPreemptiblePerProjectPerZoneForTPUAPI' has been exceeded. Limit: 16 in zone asia-southeast1-b.)
[10-03 20:11:13] create mhc-exp11-581991 (v6e-8) in asia-southeast1-b failed: capacity
[10-03 20:11:14] create mhc-exp11-581992 (v6e-8) in asia-southeast1-b failed: capacity
[10-03 20:12:11] create mhc-exp11-581993 (v6e-4) in asia-southeast1-b failed: an internal error has occurred
[10-03 20:12:19] v6e-a-global-h4-s0: done — exit 0 in 1486s on mhc-exp11-564138 (us-central1-b), val 4.1551, tok/s 73718, preempted 0x
[10-03 20:12:22] chk-v6e8-mhc-h1-s0: started on mhc-exp11-564138 chip 0
[10-03 20:12:22] create mhc-exp11-581992 (v6e-4) in asia-southeast1-b failed: capacity
[10-03 20:12:29] create mhc-exp11-581991 (v6e-4) in asia-southeast1-b failed: an internal error has occurred
[10-03 20:12:38] create mhc-exp11-581993 (v6e-8) in us-central1-a failed: capacity
[10-03 20:13:10] adopted mhc-exp11-564138 (us-central1-b): running ['chk-v6e8-mhc-h1-s0']
[10-03 20:13:12] adopted mhc-exp11-5647410 (us-central1-b): running ['v6e-mhc-h1-s0']
[10-03 20:13:15] status: 1/32 done, 29 queued, 2 running on 2 VMs, spent $5.20
[10-03 20:13:59] create mhc-exp11-583951 (v6e-8) in asia-southeast1-b failed: capacity
[10-03 20:14:23] create mhc-exp11-583953 (v6e-8) in asia-southeast1-b failed: capacity
[10-03 20:14:31] create mhc-exp11-583952 (v6e-8) in asia-southeast1-b failed: capacity
[10-03 20:14:56] create mhc-exp11-583953 (v6e-4) in asia-southeast1-b failed: capacity
[10-03 20:15:28] create mhc-exp11-583952 (v6e-4) in asia-southeast1-b failed: capacity
[10-03 20:15:43] create mhc-exp11-583951 (v6e-4) in asia-southeast1-b failed: capacity
[10-03 20:16:10] create mhc-exp11-583953 (v6e-1) in asia-southeast1-b failed: capacity
[10-03 20:16:27] create mhc-exp11-583951 (v6e-1) in asia-southeast1-b failed: capacity
[10-03 20:16:43] create mhc-exp11-583952 (v6e-1) in asia-southeast1-b failed: capacity
[10-03 20:16:54] create mhc-exp11-583953 (v6e-8) in us-central1-a failed: capacity
[10-03 20:17:07] create mhc-exp11-583952 (v6e-8) in us-central1-a failed: capacity
[10-03 20:17:11] create mhc-exp11-583951 (v6e-8) in us-central1-a failed: capacity
[10-03 20:17:36] create mhc-exp11-583951 (v6e-4) in us-central1-a failed: capacity
[10-03 20:17:39] create mhc-exp11-583953 (v6e-4) in us-central1-a failed: capacity
[10-03 20:17:41] create mhc-exp11-583952 (v6e-4) in us-central1-a failed: capacity
[10-03 20:18:10] create mhc-exp11-583951 (v6e-1) in us-central1-a failed: capacity
[10-03 20:18:13] create mhc-exp11-583952 (v6e-1) in us-central1-a failed: capacity
[10-03 20:18:13] create mhc-exp11-583953 (v6e-1) in us-central1-a failed: capacity
[10-03 20:18:54] create mhc-exp11-583953 (v6e-8) in us-central1-b failed: quota (Quota limit 'TPUV6EPreemptiblePerProjectPerZoneForTPUAPI' has been exceeded. Limit: 16 in zone us-central1-b.)
[10-03 20:18:59] create mhc-exp11-583952 (v6e-8) in us-central1-b failed: quota (Quota limit 'TPUV6EPreemptiblePerProjectPerZoneForTPUAPI' has been exceeded. Limit: 16 in zone us-central1-b.)
[10-03 20:19:35] create mhc-exp11-583953 (v6e-4) in us-central1-b failed: quota (Quota limit 'TPUV6EPreemptiblePerProjectPerZoneForTPUAPI' has been exceeded. Limit: 16 in zone us-central1-b.)
[10-03 20:19:41] create mhc-exp11-583952 (v6e-4) in us-central1-b failed: quota (Quota limit 'TPUV6EPreemptiblePerProjectPerZoneForTPUAPI' has been exceeded. Limit: 16 in zone us-central1-b.)
[10-03 20:21:14] adopted mhc-exp11-564138 (us-central1-b): running ['chk-v6e8-mhc-h1-s0']
[10-03 20:21:16] adopted mhc-exp11-5647410 (us-central1-b): running ['v6e-mhc-h1-s0']
[10-03 20:21:19] status: 1/132 done, 129 queued, 2 running on 2 VMs, spent $6.04
[10-03 20:21:55] create mhc-exp11-588793 (v6e-8) in asia-southeast1-b failed: capacity
[10-03 20:21:57] create mhc-exp11-588791 (v6e-8) in asia-southeast1-b failed: capacity
[10-03 20:22:08] create mhc-exp11-588793 (v6e-8) in us-central1-a failed: capacity
[10-03 20:22:09] create mhc-exp11-588791 (v6e-8) in us-central1-a failed: capacity
[10-03 20:22:34] v6e-mhc-h1-s0: done — exit 0 in 2101s on mhc-exp11-5647410 (us-central1-b), val 4.1574, tok/s 50243, preempted 0x
[10-03 20:22:36] v6e-ctrl-mlp1216-s0: started on mhc-exp11-5647410 chip 0
[10-03 20:22:49] create mhc-exp11-588791 (v6e-8) in us-central1-b failed: quota (Quota limit 'TPUV6EPreemptiblePerProjectPerZoneForTPUAPI' has been exceeded. Limit: 16 in zone us-central1-b.)
[10-03 20:22:54] create mhc-exp11-588791 (v6e-8) in us-central1-c failed: capacity
[10-03 20:23:02] create mhc-exp11-588792 (v6e-8) in asia-southeast1-b failed: capacity
[10-03 20:23:03] create mhc-exp11-588791 (v6e-8) in us-south1-a failed: capacity
[10-03 20:23:07] create mhc-exp11-588792 (v6e-8) in us-south1-a failed: capacity
[10-03 20:23:17] create mhc-exp11-588794 (v6e-8) in asia-southeast1-b failed: capacity
[10-03 20:23:58] mhc-exp11-5647410: status failed (1): ssh: connect to host 35.193.136.84 port 22: Operation timed out
[10-03 20:24:04] create mhc-exp11-588791 (v6e-8) in us-south1-c failed: an internal error has occurred
[10-03 20:24:08] create mhc-exp11-588792 (v6e-8) in us-south1-c failed: an internal error has occurred
[10-03 20:24:54] create mhc-exp11-588792 (v6e-4) in asia-southeast1-b failed: capacity
[10-03 20:24:59] v6e-ctrl-mlp1216-s0: back in the queue (state PREEMPTED, attempt 2)
[10-03 20:25:00] create mhc-exp11-588794 (v6e-8) in us-south1-c failed: an internal error has occurred
[10-03 20:25:05] create mhc-exp11-588791 (v6e-4) in asia-southeast1-b failed: capacity
[10-03 20:25:08] create mhc-exp11-588792 (v6e-4) in us-central1-a failed: capacity
[10-03 20:25:17] create mhc-exp11-588791 (v6e-4) in us-south1-a failed: capacity
[10-03 20:25:47] create mhc-exp11-588794 (v6e-4) in us-central1-a failed: capacity
[10-03 20:25:59] deleted mhc-exp11-5647410 (state PREEMPTED)
[10-03 20:26:03] create mhc-exp11-588791 (v6e-4) in us-south1-c failed: an internal error has occurred
[10-03 20:26:33] create mhc-exp11-588794 (v6e-4) in us-central1-b failed: request rate (Quota exceeded for quota metric 'Create requests for the Cloud TPU API' and limit 'Maximum number of CreateNode requests per minute.' of service 'tpu.googleapis.com' for consumer 'project_number:90422)
[10-03 20:28:02] create mhc-exp11-588794 (v6e-4) in us-central1-b failed: quota (Quota limit 'TPUV6EPreemptiblePerProjectPerZoneForTPUAPI' has been exceeded. Limit: 16 in zone us-central1-b.)
[10-03 20:29:13] created mhc-exp11-588793 (v6e-8) in us-central1-b
[10-03 20:29:56] mhc-exp11-588793: set up (data ok: 21 shards)
[10-03 20:30:13] chk-multi-mhc-h1-s0: started on mhc-exp11-588793 chip 0
[10-03 20:30:15] chk-multi-a-global-h4-s0: started on mhc-exp11-588793 chip 1
[10-03 20:30:16] v6e-ctrl-mlp1216-s0: started on mhc-exp11-588793 chip 2
[10-03 20:30:17] v6e-a-local-h4-s0: started on mhc-exp11-588793 chip 3
[10-03 20:30:18] v6e-residual-s0: started on mhc-exp11-588793 chip 4
[10-03 20:30:20] v6e-mhc-h1-s1: started on mhc-exp11-588793 chip 5
[10-03 20:30:21] v6e-a-global-h4-s1: started on mhc-exp11-588793 chip 6
[10-03 20:30:22] v6e-ctrl-mlp1216-s1: started on mhc-exp11-588793 chip 7
[10-03 20:31:01] create mhc-exp11-5942211 (v6e-8) in us-south1-c failed: an internal error has occurred
[10-03 20:31:12] create mhc-exp11-5942211 (v6e-4) in us-central1-c failed: capacity
[10-03 20:31:13] create mhc-exp11-5942210 (v6e-8) in us-south1-c failed: an internal error has occurred
[10-03 20:31:21] create mhc-exp11-588792 (v6e-4) in us-central1-b failed: an internal error has occurred
[10-03 20:32:01] create mhc-exp11-5942210 (v6e-4) in us-south1-c failed: an internal error has occurred
[10-03 20:32:07] create mhc-exp11-588792 (v6e-4) in us-south1-c failed: an internal error has occurred
[10-03 20:32:13] create mhc-exp11-5942211 (v6e-4) in us-south1-c failed: an internal error has occurred
[10-03 20:37:11] chk-v6e8-mhc-h1-s0: done — exit 0 in 1435s on mhc-exp11-564138 (us-central1-b), val 4.1574, tok/s 75296, preempted 0x
[10-03 20:37:11] v6e-residual-s0: done — exit 0 in 358s on mhc-exp11-588793 (us-central1-b), val 4.2041, tok/s 302080, preempted 0x
[10-03 20:37:13] v6e-a-local-h4-s1: started on mhc-exp11-564138 chip 0
[10-03 20:37:14] v6e-residual-s1: started on mhc-exp11-588793 chip 4
[10-03 20:37:14] status: 4/132 done, 119 queued, 9 running on 2 VMs, spent $8.89
[10-03 20:37:50] create mhc-exp11-5983426 (v6e-8) in us-central1-a failed: capacity
[10-03 20:38:06] create mhc-exp11-5983425 (v6e-8) in us-south1-c failed: an internal error has occurred
[10-03 20:38:17] create mhc-exp11-5983424 (v6e-8) in us-central1-a failed: capacity
[10-03 20:38:44] create mhc-exp11-5983426 (v6e-8) in us-central1-b failed: quota (Quota limit 'TPUV6EPreemptiblePerProjectPerZoneForTPUAPI' has been exceeded. Limit: 16 in zone us-central1-b.)
[10-03 20:38:53] create mhc-exp11-5983426 (v6e-8) in us-central1-c failed: capacity
[10-03 20:39:01] create mhc-exp11-5983426 (v6e-8) in us-south1-a failed: capacity
[10-03 20:39:06] create mhc-exp11-5983424 (v6e-8) in us-central1-b failed: quota (Quota limit 'TPUV6EPreemptiblePerProjectPerZoneForTPUAPI' has been exceeded. Limit: 16 in zone us-central1-b.)
[10-03 20:39:10] create mhc-exp11-5983425 (v6e-4) in us-south1-c failed: an internal error has occurred
[10-03 20:39:49] create mhc-exp11-5983424 (v6e-4) in us-central1-b failed: quota (Quota limit 'TPUV6EPreemptiblePerProjectPerZoneForTPUAPI' has been exceeded. Limit: 16 in zone us-central1-b.)
[10-03 20:40:07] create mhc-exp11-5996027 (v6e-8) in asia-southeast1-b failed: capacity
[10-03 20:41:05] create mhc-exp11-5996027 (v6e-4) in asia-southeast1-b failed: capacity
[10-03 20:41:07] create mhc-exp11-6002328 (v6e-4) in asia-southeast1-b failed: capacity
[10-03 20:41:13] create mhc-exp11-6002328 (v6e-4) in us-south1-a failed: capacity
[10-03 20:41:51] create mhc-exp11-5996027 (v6e-4) in us-central1-a failed: capacity
[10-03 20:43:10] create mhc-exp11-5983426 (v6e-4) in us-central1-b failed: an internal error has occurred
[10-03 20:44:02] v6e-residual-s1: done — exit 0 in 337s on mhc-exp11-588793 (us-central1-b), val 4.1798, tok/s 322219, preempted 0x
[10-03 20:44:04] v6e-mhc-h1-s2: started on mhc-exp11-588793 chip 4
[10-03 20:44:55] create mhc-exp11-6024434 (v6e-8) in us-south1-c failed: quota (Quota limit 'TPUV6EPreemptiblePerProjectPerZoneForTPUAPI' has been exceeded. Limit: 16 in zone us-south1-c.)
[10-03 20:45:11] create mhc-exp11-6024432 (v6e-8) in us-south1-c failed: an internal error has occurred
[10-03 20:45:11] create mhc-exp11-6024433 (v6e-8) in us-south1-c failed: an internal error has occurred
[10-03 20:46:11] create mhc-exp11-6024434 (v6e-4) in us-south1-c failed: an internal error has occurred
[10-03 20:46:13] create mhc-exp11-6024433 (v6e-4) in us-south1-c failed: an internal error has occurred
[10-03 20:46:14] create mhc-exp11-6024432 (v6e-4) in us-south1-c failed: an internal error has occurred
[10-03 20:47:24] create mhc-exp11-6043435 (v6e-4) in us-central1-c failed: capacity
[10-03 20:47:26] create mhc-exp11-6043436 (v6e-4) in us-central1-c failed: capacity
[10-03 20:49:04] create mhc-exp11-6049739 (v6e-4) in us-central1-b failed: quota (Quota limit 'TPUV6EPreemptiblePerProjectPerZoneForTPUAPI' has been exceeded. Limit: 16 in zone us-central1-b.)
[10-03 20:51:03] adopted mhc-exp11-564138 (us-central1-b): running ['v6e-a-local-h4-s1']
[10-03 20:51:04] adopted mhc-exp11-588793 (us-central1-b): running ['chk-multi-a-global-h4-s0', 'chk-multi-mhc-h1-s0', 'v6e-a-global-h4-s1', 'v6e-a-local-h4-s0', 'v6e-ctrl-mlp1216-s0', 'v6e-ctrl-mlp1216-s1', 'v6e-mhc-h1-s1', 'v6e-mhc-h1-s2']
[10-03 20:51:37] v6e-ctrl-mlp1216-s1: done — exit 0 in 1188s on mhc-exp11-588793 (us-central1-b), val 4.1222, tok/s 91815, preempted 0x
[10-03 20:51:47] v6e-a-global-h4-s2: started on mhc-exp11-588793 chip 7
[10-03 20:51:47] status: 6/174 done, 159 queued, 9 running on 2 VMs, spent $11.39
[10-03 20:52:45] create mhc-exp11-607071 (v6e-8) in asia-southeast1-b failed: capacity
[10-03 20:52:46] create mhc-exp11-607072 (v6e-8) in asia-southeast1-b failed: capacity
[10-03 20:53:01] chk-multi-mhc-h1-s0: done — exit 0 in 1203s on mhc-exp11-588793 (us-central1-b), val 4.1574, tok/s 91178, preempted 0x
[10-03 20:53:15] v6e-ctrl-mlp1216-s0: done — exit 0 in 1231s on mhc-exp11-588793 (us-central1-b), val 4.1215, tok/s 89053, preempted 0x
[10-03 20:53:20] create mhc-exp11-607072 (v6e-8) in us-central1-a failed: capacity
[10-03 20:53:20] create mhc-exp11-607071 (v6e-8) in us-central1-a failed: capacity
[10-03 20:53:27] v6e-mhc-h1-s1: done — exit 0 in 1206s on mhc-exp11-588793 (us-central1-b), val 4.1461, tok/s 90826, preempted 0x
[10-03 20:53:30] v6e-ctrl-mlp1216-s2: started on mhc-exp11-588793 chip 0
[10-03 20:53:31] v6e-a-local-h4-s2: started on mhc-exp11-588793 chip 2
[10-03 20:53:33] v6e-residual-s2: started on mhc-exp11-588793 chip 5
[10-03 20:53:41] create mhc-exp11-607073 (v6e-8) in asia-southeast1-b failed: capacity
[10-03 20:53:53] create mhc-exp11-607073 (v6e-8) in us-south1-a failed: capacity
[10-03 20:54:01] create mhc-exp11-607071 (v6e-8) in us-central1-b failed: quota (Quota limit 'TPUV6EPreemptiblePerProjectPerZoneForTPUAPI' has been exceeded. Limit: 16 in zone us-central1-b.)
[10-03 20:54:02] create mhc-exp11-607072 (v6e-8) in us-central1-b failed: quota (Quota limit 'TPUV6EPreemptiblePerProjectPerZoneForTPUAPI' has been exceeded. Limit: 16 in zone us-central1-b.)
[10-03 20:54:07] create mhc-exp11-607072 (v6e-8) in us-central1-c failed: capacity
[10-03 20:54:09] create mhc-exp11-607071 (v6e-8) in us-central1-c failed: capacity
[10-03 20:54:47] chk-multi-a-global-h4-s0: done — exit 0 in 1276s on mhc-exp11-588793 (us-central1-b), val 4.1551, tok/s 87398, preempted 0x
[10-03 20:54:52] create mhc-exp11-607071 (v6e-8) in us-south1-c failed: quota (Quota limit 'TPUV6EPreemptiblePerProjectPerZoneForTPUAPI' has been exceeded. Limit: 16 in zone us-south1-c.)
[10-03 20:54:59] v6e-a-global-h4-s1: done — exit 0 in 1315s on mhc-exp11-588793 (us-central1-b), val 4.1291, tok/s 83940, preempted 0x
[10-03 20:55:09] create mhc-exp11-607072 (v6e-8) in us-south1-c failed: an internal error has occurred
[10-03 20:55:12] v6e-a-local-h4-s0: done — exit 0 in 1298s on mhc-exp11-588793 (us-central1-b), val 4.1632, tok/s 85586, preempted 0x
[10-03 20:55:15] v6e-mhc-h1-lr2x-s0: started on mhc-exp11-588793 chip 1
[10-03 20:55:16] create mhc-exp11-607073 (v6e-8) in us-south1-c failed: an internal error has occurred
[10-03 20:55:16] v6e-a-global-h4-lr2x-s0: started on mhc-exp11-588793 chip 3
[10-03 20:55:17] v6e-ctrl-mlp1216-lr2x-s0: started on mhc-exp11-588793 chip 6
[10-03 20:55:39] create mhc-exp11-607071 (v6e-4) in asia-southeast1-b failed: capacity
[10-03 20:56:02] create mhc-exp11-607073 (v6e-4) in asia-southeast1-b failed: capacity
[10-03 20:56:18] create mhc-exp11-607073 (v6e-4) in us-central1-a failed: capacity
[10-03 20:56:23] v6e-mhc-h1-s2: process gone without exit code on mhc-exp11-588793; restarting it there (resumes from its checkpoint)
[10-03 20:56:23] v6e-mhc-h1-s2: start on mhc-exp11-588793 failed: ssh: connect to host 34.55.30.232 port 22: Connection refused

[10-03 20:56:23] v6e-a-global-h4-s2: process gone without exit code on mhc-exp11-588793; restarting it there (resumes from its checkpoint)
[10-03 20:56:24] v6e-a-global-h4-s2: start on mhc-exp11-588793 failed: ssh: connect to host 34.55.30.232 port 22: Connection refused

[10-03 20:56:24] v6e-ctrl-mlp1216-s2: process gone without exit code on mhc-exp11-588793; restarting it there (resumes from its checkpoint)
[10-03 20:56:24] v6e-ctrl-mlp1216-s2: start on mhc-exp11-588793 failed: ssh: connect to host 34.55.30.232 port 22: Connection refused

[10-03 20:56:24] v6e-a-local-h4-s2: process gone without exit code on mhc-exp11-588793; restarting it there (resumes from its checkpoint)
[10-03 20:56:24] v6e-a-local-h4-s2: start on mhc-exp11-588793 failed: ssh: connect to host 34.55.30.232 port 22: Connection refused

[10-03 20:56:24] v6e-residual-s2: process gone without exit code on mhc-exp11-588793; restarting it there (resumes from its checkpoint)
[10-03 20:56:24] v6e-residual-s2: start on mhc-exp11-588793 failed: ssh: connect to host 34.55.30.232 port 22: Connection refused

[10-03 20:56:24] v6e-mhc-h1-lr2x-s0: process gone without exit code on mhc-exp11-588793; restarting it there (resumes from its checkpoint)
[10-03 20:56:25] create mhc-exp11-607071 (v6e-4) in us-central1-a failed: capacity
[10-03 20:56:25] v6e-mhc-h1-lr2x-s0: start on mhc-exp11-588793 failed: ssh: connect to host 34.55.30.232 port 22: Connection refused

[10-03 20:56:25] v6e-a-global-h4-lr2x-s0: process gone without exit code on mhc-exp11-588793; restarting it there (resumes from its checkpoint)
[10-03 20:56:25] v6e-a-global-h4-lr2x-s0: start on mhc-exp11-588793 failed: ssh: connect to host 34.55.30.232 port 22: Connection refused

[10-03 20:56:25] v6e-ctrl-mlp1216-lr2x-s0: process gone without exit code on mhc-exp11-588793; restarting it there (resumes from its checkpoint)
[10-03 20:56:25] create mhc-exp11-607072 (v6e-4) in asia-southeast1-b failed: capacity
[10-03 20:56:25] v6e-ctrl-mlp1216-lr2x-s0: start on mhc-exp11-588793 failed: ssh: connect to host 34.55.30.232 port 22: Connection refused

[10-03 20:56:26] v6e-mhc-h1-s2: start on mhc-exp11-588793 failed: ssh: connect to host 34.55.30.232 port 22: Connection refused

[10-03 20:56:26] v6e-mhc-h1-s2: start on mhc-exp11-588793 failed: ssh: connect to host 34.55.30.232 port 22: Connection refused

[10-03 20:56:26] v6e-mhc-h1-s2: start on mhc-exp11-588793 failed: ssh: connect to host 34.55.30.232 port 22: Connection refused

[10-03 20:56:27] v6e-mhc-h1-s2: start on mhc-exp11-588793 failed: ssh: connect to host 34.55.30.232 port 22: Connection refused

[10-03 20:56:27] v6e-mhc-h1-s2: start on mhc-exp11-588793 failed: ssh: connect to host 34.55.30.232 port 22: Connection refused

[10-03 20:56:27] v6e-mhc-h1-s2: start on mhc-exp11-588793 failed: ssh: connect to host 34.55.30.232 port 22: Connection refused

[10-03 20:56:27] v6e-mhc-h1-s2: start on mhc-exp11-588793 failed: ssh: connect to host 34.55.30.232 port 22: Connection refused

[10-03 20:56:34] create mhc-exp11-607072 (v6e-4) in us-south1-a failed: capacity
[10-03 20:56:47] v6e-mhc-h1-s2: start on mhc-exp11-588793 failed: ssh: connect to host 34.55.30.232 port 22: Operation timed out

[10-03 20:57:08] create mhc-exp11-607072 (v6e-4) in us-south1-c failed: an internal error has occurred
[10-03 20:57:13] create mhc-exp11-607071 (v6e-4) in us-central1-b failed: quota (Quota limit 'TPUV6EPreemptiblePerProjectPerZoneForTPUAPI' has been exceeded. Limit: 16 in zone us-central1-b.)
[10-03 20:57:21] create mhc-exp11-607071 (v6e-4) in us-central1-c failed: capacity
[10-03 20:58:09] create mhc-exp11-607072 (v6e-1) in asia-southeast1-b failed: capacity
[10-03 20:58:19] create mhc-exp11-607071 (v6e-1) in asia-southeast1-b failed: capacity
[10-03 20:58:29] deleted mhc-exp11-588793 (no jobs left)
[10-03 20:58:38] create mhc-exp11-611094 (v6e-1) in us-south1-a failed: capacity
[10-03 20:58:53] create mhc-exp11-607071 (v6e-1) in us-central1-a failed: capacity
[10-03 20:58:56] create mhc-exp11-607072 (v6e-1) in us-central1-a failed: capacity
[10-03 20:59:02] create mhc-exp11-611094 (v6e-1) in us-south1-c failed: an internal error has occurred
[10-03 21:00:48] created mhc-exp11-607073 (v6e-4) in us-central1-b
[10-03 21:01:11] create mhc-exp11-612346 (v6e-8) in us-south1-c failed: an internal error has occurred
[10-03 21:01:31] mhc-exp11-607073: set up (data ok: 21 shards)
[10-03 21:01:38] v6e-mhc-h1-s2: started on mhc-exp11-607073 chip 0
[10-03 21:01:40] v6e-a-global-h4-s2: started on mhc-exp11-607073 chip 1
[10-03 21:01:41] v6e-ctrl-mlp1216-s2: started on mhc-exp11-607073 chip 2
[10-03 21:01:42] v6e-a-local-h4-s2: started on mhc-exp11-607073 chip 3
[10-03 21:02:56] v6e-a-local-h4-s1: done — exit 0 in 1486s on mhc-exp11-564138 (us-central1-b), val 4.1173, tok/s 72784, preempted 0x
[10-03 21:02:59] v6e-residual-s2: started on mhc-exp11-564138 chip 0
[10-03 21:03:51] create mhc-exp11-607072 (v6e-1) in us-central1-b failed: an internal error has occurred
[10-03 21:04:02] create mhc-exp11-607072 (v6e-1) in us-central1-c failed: capacity
[10-03 21:04:05] create mhc-exp11-607071 (v6e-1) in us-central1-b failed: an internal error has occurred
[10-03 21:04:05] create mhc-exp11-613799 (v6e-4) in us-south1-c failed: an internal error has occurred
[10-03 21:04:06] create mhc-exp11-6137910 (v6e-4) in us-south1-c failed: an internal error has occurred
[10-03 21:05:08] create mhc-exp11-607071 (v6e-1) in us-south1-c failed: an internal error has occurred
[10-03 21:05:09] create mhc-exp11-613799 (v6e-1) in us-south1-c failed: an internal error has occurred
[10-03 21:05:15] adopted mhc-exp11-564138 (us-central1-b): running ['v6e-residual-s2']
[10-03 21:05:16] adopted mhc-exp11-607073 (us-central1-b): running ['v6e-a-global-h4-s2', 'v6e-a-local-h4-s2', 'v6e-ctrl-mlp1216-s2', 'v6e-mhc-h1-s2']
[10-03 21:05:26] status: 13/174 done, 156 queued, 5 running on 2 VMs, spent $13.60
[10-03 21:06:03] create mhc-exp11-615263 (v6e-8) in asia-southeast1-b failed: capacity
[10-03 21:06:15] create mhc-exp11-615261 (v6e-8) in asia-southeast1-b failed: capacity
[10-03 21:06:23] create mhc-exp11-615263 (v6e-8) in us-central1-a failed: capacity
[10-03 21:06:36] create mhc-exp11-615262 (v6e-8) in asia-southeast1-b failed: capacity
[10-03 21:06:37] create mhc-exp11-615264 (v6e-8) in asia-southeast1-b failed: capacity
[10-03 21:06:50] create mhc-exp11-615262 (v6e-8) in us-south1-a failed: capacity
[10-03 21:06:51] create mhc-exp11-615264 (v6e-8) in us-south1-a failed: capacity
[10-03 21:07:01] create mhc-exp11-615261 (v6e-8) in us-central1-a failed: capacity
[10-03 21:07:02] create mhc-exp11-615264 (v6e-8) in us-south1-c failed: an internal error has occurred
[10-03 21:07:03] create mhc-exp11-615262 (v6e-8) in us-south1-c failed: an internal error has occurred
[10-03 21:07:37] create mhc-exp11-615264 (v6e-4) in asia-southeast1-b failed: capacity
[10-03 21:07:42] create mhc-exp11-615264 (v6e-4) in us-south1-a failed: capacity
[10-03 21:07:43] create mhc-exp11-615261 (v6e-8) in us-central1-b failed: quota (Quota limit 'TPUV6EPreemptiblePerProjectPerZoneForTPUAPI' has been exceeded. Limit: 16 in zone us-central1-b.)
[10-03 21:07:48] create mhc-exp11-615261 (v6e-8) in us-central1-c failed: capacity
[10-03 21:08:05] create mhc-exp11-615264 (v6e-4) in us-south1-c failed: an internal error has occurred
[10-03 21:08:18] create mhc-exp11-615262 (v6e-4) in asia-southeast1-b failed: capacity
[10-03 21:08:23] create mhc-exp11-615261 (v6e-4) in us-central1-a failed: capacity
[10-03 21:09:06] create mhc-exp11-615264 (v6e-1) in asia-southeast1-b failed: capacity
[10-03 21:09:08] create mhc-exp11-615261 (v6e-4) in us-central1-b failed: quota (Quota limit 'TPUV6EPreemptiblePerProjectPerZoneForTPUAPI' has been exceeded. Limit: 16 in zone us-central1-b.)
[10-03 21:09:14] create mhc-exp11-615261 (v6e-4) in us-central1-c failed: capacity
[10-03 21:09:16] create mhc-exp11-615264 (v6e-1) in us-south1-a failed: capacity
[10-03 21:09:18] create mhc-exp11-615262 (v6e-1) in asia-southeast1-b failed: capacity
[10-03 21:10:00] v6e-residual-s2: done — exit 0 in 386s on mhc-exp11-564138 (us-central1-b), val 4.2074, tok/s 275641, preempted 0x
[10-03 21:10:00] create mhc-exp11-615261 (v6e-1) in us-central1-a failed: capacity
[10-03 21:10:02] v6e-mhc-h1-lr2x-s0: started on mhc-exp11-564138 chip 0
[10-03 21:10:18] create mhc-exp11-615264 (v6e-1) in us-south1-c failed: an internal error has occurred
[10-03 21:10:20] create mhc-exp11-615262 (v6e-1) in us-south1-c failed: an internal error has occurred
[10-03 21:11:58] create mhc-exp11-615263 (v6e-8) in us-central1-b failed: an internal error has occurred
[10-03 21:13:11] create mhc-exp11-619288 (v6e-8) in us-south1-c failed: an internal error has occurred
[10-03 21:13:12] create mhc-exp11-619287 (v6e-8) in us-south1-c failed: an internal error has occurred
[10-03 21:14:15] create mhc-exp11-619288 (v6e-4) in us-south1-c failed: an internal error has occurred
[10-03 21:14:17] create mhc-exp11-619287 (v6e-4) in us-south1-c failed: an internal error has occurred
[10-03 21:15:49] create mhc-exp11-615263 (v6e-1) in us-central1-b failed: an internal error has occurred
[10-03 21:15:56] create mhc-exp11-615263 (v6e-1) in us-central1-c failed: capacity
[10-03 21:16:13] create mhc-exp11-615261 (v6e-1) in us-central1-b failed: an internal error has occurred
[10-03 21:17:07] create mhc-exp11-6219112 (v6e-1) in us-south1-c failed: an internal error has occurred
[10-03 21:17:07] create mhc-exp11-6219111 (v6e-1) in us-south1-c failed: an internal error has occurred
[10-03 21:17:16] create mhc-exp11-615261 (v6e-1) in us-south1-c failed: an internal error has occurred
[10-03 21:17:20] create mhc-exp11-615263 (v6e-1) in us-south1-c failed: an internal error has occurred
[10-03 21:17:43] adopted mhc-exp11-564138 (us-central1-b): running ['v6e-mhc-h1-lr2x-s0']
[10-03 21:17:44] adopted mhc-exp11-607073 (us-central1-b): running ['v6e-a-global-h4-s2', 'v6e-a-local-h4-s2', 'v6e-ctrl-mlp1216-s2', 'v6e-mhc-h1-s2']
[10-03 21:17:55] status: 14/174 done, 155 queued, 5 running on 2 VMs, spent $15.19
[10-03 21:18:02] create mhc-exp11-od622751 (v6e-8, on-demand) in us-central1-a failed: capacity
[10-03 21:18:08] create mhc-exp11-od622751 (v6e-8, on-demand) in us-central1-b failed: User does not have permission to submit requests for accelerator type \
[10-03 21:18:18] create mhc-exp11-od622751 (v6e-8, on-demand) in us-central1-c failed: capacity
[10-03 21:18:27] create mhc-exp11-od622751 (v6e-8, on-demand) in us-south1-a failed: capacity
[10-03 21:18:32] create mhc-exp11-od622751 (v6e-8, on-demand) in us-south1-c failed: capacity
[10-03 21:18:41] create mhc-exp11-622753 (v6e-8) in asia-southeast1-b failed: capacity
[10-03 21:18:43] create mhc-exp11-622752 (v6e-8) in asia-southeast1-b failed: capacity
[10-03 21:19:07] create mhc-exp11-623385 (v6e-8) in us-south1-a failed: capacity
[10-03 21:19:16] create mhc-exp11-622754 (v6e-8) in asia-southeast1-b failed: capacity
[10-03 21:19:16] create mhc-exp11-od622751 (v6e-8, on-demand) in asia-southeast1-b failed: capacity
[10-03 21:19:21] create mhc-exp11-od622751 (v6e-4, on-demand) in us-south1-a failed: capacity
[10-03 21:19:26] create mhc-exp11-622753 (v6e-8) in us-central1-a failed: capacity
[10-03 21:19:28] create mhc-exp11-622752 (v6e-8) in us-central1-a failed: capacity
[10-03 21:19:29] create mhc-exp11-od622751 (v6e-4, on-demand) in us-south1-c failed: capacity
[10-03 21:20:07] create mhc-exp11-622752 (v6e-8) in us-central1-b failed: quota (Quota limit 'TPUV6EPreemptiblePerProjectPerZoneForTPUAPI' has been exceeded. Limit: 16 in zone us-central1-b.)
[10-03 21:20:13] create mhc-exp11-622752 (v6e-8) in us-central1-c failed: capacity
[10-03 21:20:14] create mhc-exp11-od622751 (v6e-4, on-demand) in asia-southeast1-b failed: capacity
[10-03 21:20:19] create mhc-exp11-622754 (v6e-8) in us-south1-c failed: an internal error has occurred
[10-03 21:20:22] create mhc-exp11-od622751 (v6e-1, on-demand) in us-central1-a failed: capacity
[10-03 21:20:27] create mhc-exp11-od622751 (v6e-1, on-demand) in us-central1-b failed: User does not have permission to submit requests for accelerator type \
[10-03 21:20:29] create mhc-exp11-623385 (v6e-8) in us-south1-c failed: an internal error has occurred
[10-03 21:20:37] create mhc-exp11-od622751 (v6e-1, on-demand) in us-central1-c failed: capacity
[10-03 21:20:49] create mhc-exp11-od622751 (v6e-1, on-demand) in us-south1-a failed: capacity
[10-03 21:20:54] create mhc-exp11-od622751 (v6e-1, on-demand) in us-south1-c failed: capacity
[10-03 21:21:07] create mhc-exp11-622754 (v6e-4) in asia-southeast1-b failed: capacity
[10-03 21:21:14] create mhc-exp11-623385 (v6e-4) in asia-southeast1-b failed: capacity
[10-03 21:21:16] create mhc-exp11-622752 (v6e-8) in us-south1-c failed: an internal error has occurred
[10-03 21:21:19] create mhc-exp11-623385 (v6e-4) in us-south1-a failed: capacity
[10-03 21:21:20] create mhc-exp11-622754 (v6e-4) in us-central1-a failed: capacity
[10-03 21:21:22] create mhc-exp11-622752 (v6e-4) in us-south1-a failed: capacity
[10-03 21:21:38] create mhc-exp11-od622751 (v6e-1, on-demand) in asia-southeast1-b failed: capacity
[10-03 21:22:06] create mhc-exp11-622754 (v6e-4) in us-central1-b failed: quota (Quota limit 'TPUV6EPreemptiblePerProjectPerZoneForTPUAPI' has been exceeded. Limit: 16 in zone us-central1-b.)
[10-03 21:22:07] create mhc-exp11-622752 (v6e-4) in us-south1-c failed: an internal error has occurred
[10-03 21:22:11] create mhc-exp11-622754 (v6e-4) in us-central1-c failed: capacity
[10-03 21:22:21] create mhc-exp11-623385 (v6e-4) in us-south1-c failed: an internal error has occurred
[10-03 21:23:09] create mhc-exp11-622754 (v6e-1) in asia-southeast1-b failed: capacity
[10-03 21:23:19] create mhc-exp11-623385 (v6e-1) in asia-southeast1-b failed: capacity
[10-03 21:23:19] create mhc-exp11-622754 (v6e-1) in us-south1-a failed: capacity
[10-03 21:23:22] create mhc-exp11-622752 (v6e-1) in asia-southeast1-b failed: capacity
[10-03 21:23:24] create mhc-exp11-623385 (v6e-1) in us-south1-a failed: capacity
[10-03 21:23:57] create mhc-exp11-622753 (v6e-8) in us-central1-b failed: an internal error has occurred
[10-03 21:24:08] create mhc-exp11-623385 (v6e-1) in us-south1-c failed: an internal error has occurred
[10-03 21:24:08] create mhc-exp11-622752 (v6e-1) in us-south1-c failed: an internal error has occurred
[10-03 21:24:20] create mhc-exp11-622754 (v6e-1) in us-south1-c failed: an internal error has occurred
[10-03 21:24:23] create mhc-exp11-622753 (v6e-1) in us-central1-a failed: capacity
[10-03 21:25:10] adopted mhc-exp11-564138 (us-central1-b): running ['v6e-mhc-h1-lr2x-s0']
[10-03 21:25:11] adopted mhc-exp11-607073 (us-central1-b): running ['v6e-a-global-h4-s2', 'v6e-a-local-h4-s2', 'v6e-ctrl-mlp1216-s2', 'v6e-mhc-h1-s2']
[10-03 21:25:24] v6e-a-global-h4-s2: done — exit 0 in 1377s on mhc-exp11-607073 (us-central1-b), val 4.1385, tok/s 79796, preempted 0x
[10-03 21:25:40] v6e-ctrl-mlp1216-s2: done — exit 0 in 1381s on mhc-exp11-607073 (us-central1-b), val 4.1099, tok/s 78316, preempted 0x
[10-03 21:25:52] v6e-mhc-h1-s2: done — exit 0 in 1390s on mhc-exp11-607073 (us-central1-b), val 4.1647, tok/s 77915, preempted 0x
[10-03 21:25:55] v6e-a-global-h4-lr2x-s0: started on mhc-exp11-607073 chip 0
[10-03 21:25:56] v6e-ctrl-mlp1216-lr2x-s0: started on mhc-exp11-607073 chip 1
[10-03 21:25:58] v6e-a-local-h4-lr2x-s0: started on mhc-exp11-607073 chip 2
[10-03 21:25:58] status: 17/174 done, 152 queued, 5 running on 2 VMs, spent $16.30
[10-03 21:26:04] create mhc-exp11-od627581 (v6e-8, on-demand) in us-central1-a failed: capacity
[10-03 21:26:13] create mhc-exp11-od627581 (v6e-8, on-demand) in us-central1-b failed: User does not have permission to submit requests for accelerator type \
[10-03 21:26:19] create mhc-exp11-od627581 (v6e-8, on-demand) in us-central1-c failed: capacity
[10-03 21:26:28] create mhc-exp11-od627581 (v6e-8, on-demand) in us-south1-a failed: capacity
[10-03 21:26:33] create mhc-exp11-od627581 (v6e-8, on-demand) in us-south1-c failed: capacity
[10-03 21:26:44] create mhc-exp11-627583 (v6e-8) in asia-southeast1-b failed: capacity
[10-03 21:26:45] create mhc-exp11-627584 (v6e-8) in asia-southeast1-b failed: capacity
[10-03 21:27:02] adopted mhc-exp11-564138 (us-central1-b): running ['v6e-mhc-h1-lr2x-s0']
[10-03 21:27:03] adopted mhc-exp11-607073 (us-central1-b): running ['v6e-a-global-h4-lr2x-s0', 'v6e-a-local-h4-lr2x-s0', 'v6e-a-local-h4-s2', 'v6e-ctrl-mlp1216-lr2x-s0']
[10-03 21:27:21] v6e-a-local-h4-s2: done — exit 0 in 1422s on mhc-exp11-607073 (us-central1-b), val 4.1335, tok/s 76231, preempted 0x
[10-03 21:27:26] v6e-mhc-h1-lr2x-s1: started on mhc-exp11-607073 chip 3
[10-03 21:27:26] status: 18/174 done, 151 queued, 5 running on 2 VMs, spent $16.51
[10-03 21:27:32] create mhc-exp11-od628461 (v6e-8, on-demand) in us-central1-a failed: capacity
[10-03 21:27:40] create mhc-exp11-od628461 (v6e-8, on-demand) in us-central1-b failed: User does not have permission to submit requests for accelerator type \
[10-03 21:27:47] create mhc-exp11-od628461 (v6e-8, on-demand) in us-central1-c failed: capacity
[10-03 21:27:56] create mhc-exp11-od628461 (v6e-8, on-demand) in us-south1-a failed: capacity
[10-03 21:28:01] create mhc-exp11-od628461 (v6e-8, on-demand) in us-south1-c failed: capacity
[10-03 21:28:12] create mhc-exp11-628464 (v6e-8) in asia-southeast1-b failed: capacity
[10-03 21:28:13] create mhc-exp11-628463 (v6e-8) in asia-southeast1-b failed: capacity
[10-03 21:28:21] create mhc-exp11-628463 (v6e-8) in us-central1-a failed: capacity
[10-03 21:28:21] create mhc-exp11-628464 (v6e-8) in us-central1-a failed: capacity
[10-03 21:28:40] create mhc-exp11-628462 (v6e-8) in asia-southeast1-b failed: capacity
[10-03 21:28:43] create mhc-exp11-od628461 (v6e-8, on-demand) in asia-southeast1-b failed: capacity
[10-03 21:28:47] create mhc-exp11-od628461 (v6e-4, on-demand) in us-south1-a failed: capacity
[10-03 21:28:48] create mhc-exp11-628462 (v6e-8) in us-south1-a failed: capacity
[10-03 21:28:48] mhc-exp11-607073: status failed (1): ssh: connect to host 35.193.136.84 port 22: Operation timed out
[10-03 21:28:52] create mhc-exp11-od628461 (v6e-4, on-demand) in us-south1-c failed: capacity
[10-03 21:29:05] create mhc-exp11-628462 (v6e-8) in us-south1-c failed: an internal error has occurred
[10-03 21:29:07] create mhc-exp11-629285 (v6e-8) in us-south1-c failed: an internal error has occurred
[10-03 21:29:36] create mhc-exp11-628463 (v6e-8) in us-central1-b failed: quota (Quota limit 'TPUV6EPreemptiblePerProjectPerZoneForTPUAPI' has been exceeded. Limit: 16 in zone us-central1-b.)
[10-03 21:29:44] create mhc-exp11-628463 (v6e-8) in us-central1-c failed: capacity
[10-03 21:29:50] create mhc-exp11-od628461 (v6e-4, on-demand) in asia-southeast1-b failed: capacity
[10-03 21:29:50] v6e-a-global-h4-lr2x-s0: back in the queue (state PREEMPTED, attempt 2)
[10-03 21:29:50] v6e-a-local-h4-lr2x-s0: back in the queue (state PREEMPTED, attempt 2)
[10-03 21:29:50] v6e-ctrl-mlp1216-lr2x-s0: back in the queue (state PREEMPTED, attempt 2)
[10-03 21:29:50] v6e-mhc-h1-lr2x-s1: back in the queue (state PREEMPTED, attempt 2)
[10-03 21:30:30] create mhc-exp11-628463 (v6e-8) in us-east5-a failed: quota (Quota limit 'TPUV6EPreemptiblePerProjectPerZoneForTPUAPI' has been exceeded. Limit: 16 in zone us-east5-a.)
[10-03 21:30:50] create mhc-exp11-629285 (v6e-8) in us-east5-a failed: capacity
[10-03 21:30:51] create mhc-exp11-628462 (v6e-8) in us-east5-a failed: capacity
[10-03 21:31:11] deleted mhc-exp11-607073 (state PREEMPTED)
[10-03 21:31:20] create mhc-exp11-od630726 (v6e-4, on-demand) in us-central1-a failed: capacity
[10-03 21:31:25] create mhc-exp11-628464 (v6e-8) in us-central1-b failed: capacity
[10-03 21:31:30] create mhc-exp11-od630726 (v6e-4, on-demand) in us-central1-b failed: User does not have permission to submit requests for accelerator type \
[10-03 21:31:36] create mhc-exp11-628462 (v6e-8) in us-east5-b failed: quota (Quota limit 'TPUV6EPreemptiblePerProjectPerZoneForTPUAPI' has been exceeded. Limit: 16 in zone us-east5-b.)
[10-03 21:31:38] create mhc-exp11-od630726 (v6e-4, on-demand) in us-central1-c failed: capacity
[10-03 21:32:10] create mhc-exp11-628464 (v6e-8) in us-east5-b failed: quota (Quota limit 'TPUV6EPreemptiblePerProjectPerZoneForTPUAPI' has been exceeded. Limit: 16 in zone us-east5-b.)
[10-03 21:32:20] create mhc-exp11-628462 (v6e-8) in us-east5-c failed: quota (Quota limit 'TPUV6EPreemptiblePerProjectPerZoneForTPUAPI' has been exceeded. Limit: 0 in zone us-east5-c.)
[10-03 21:32:56] create mhc-exp11-628464 (v6e-8) in us-east5-c failed: quota (Quota limit 'TPUV6EPreemptiblePerProjectPerZoneForTPUAPI' has been exceeded. Limit: 0 in zone us-east5-c.)
[10-03 21:33:19] create mhc-exp11-628462 (v6e-4) in asia-southeast1-b failed: capacity
[10-03 21:33:23] create mhc-exp11-od631988 (v6e-8, on-demand) in us-central1-b failed: User does not have permission to submit requests for accelerator type \
[10-03 21:33:53] create mhc-exp11-628464 (v6e-4) in asia-southeast1-b failed: capacity
[10-03 21:34:04] create mhc-exp11-628462 (v6e-4) in us-central1-a failed: capacity
[10-03 21:34:15] create mhc-exp11-629285 (v6e-8) in us-east5-b failed: capacity
[10-03 21:34:17] create mhc-exp11-628463 (v6e-8) in us-east5-b failed: capacity
[10-03 21:34:26] create mhc-exp11-628463 (v6e-4) in us-south1-a failed: capacity
[10-03 21:34:28] create mhc-exp11-628464 (v6e-4) in us-central1-a failed: capacity
[10-03 21:35:07] create mhc-exp11-628462 (v6e-4) in us-central1-b failed: capacity
[10-03 21:35:12] create mhc-exp11-628463 (v6e-4) in us-south1-c failed: an internal error has occurred
[10-03 21:35:12] create mhc-exp11-628462 (v6e-4) in us-central1-c failed: capacity
[10-03 21:35:16] create mhc-exp11-629285 (v6e-4) in us-central1-b failed: capacity
[10-03 21:35:38] v6e-mhc-h1-lr2x-s0: done — exit 0 in 1462s on mhc-exp11-564138 (us-central1-b), val 5.0836, tok/s 73704, preempted 0x
[10-03 21:35:41] v6e-a-global-h4-lr2x-s0: started on mhc-exp11-564138 chip 0
[10-03 21:36:01] create mhc-exp11-629285 (v6e-4) in us-east5-a failed: capacity
[10-03 21:36:15] create mhc-exp11-628462 (v6e-4) in us-east5-a failed: capacity
[10-03 21:36:15] create mhc-exp11-628463 (v6e-4) in us-east5-a failed: capacity
[10-03 21:37:01] create mhc-exp11-od6340511 (v6e-4, on-demand) in us-central1-b failed: User does not have permission to submit requests for accelerator type \
[10-03 21:37:16] create mhc-exp11-628462 (v6e-4) in us-east5-b failed: capacity
[10-03 21:37:17] create mhc-exp11-628463 (v6e-4) in us-east5-b failed: capacity
[10-03 21:37:24] create mhc-exp11-629285 (v6e-4) in us-east5-b failed: capacity
[10-03 21:38:03] create mhc-exp11-628463 (v6e-4) in us-east5-c failed: quota (Quota limit 'TPUV6EPreemptiblePerProjectPerZoneForTPUAPI' has been exceeded. Limit: 0 in zone us-east5-c.)
[10-03 21:38:05] create mhc-exp11-628462 (v6e-4) in us-east5-c failed: quota (Quota limit 'TPUV6EPreemptiblePerProjectPerZoneForTPUAPI' has been exceeded. Limit: 0 in zone us-east5-c.)
[10-03 21:38:07] create mhc-exp11-629285 (v6e-4) in us-east5-c failed: quota (Quota limit 'TPUV6EPreemptiblePerProjectPerZoneForTPUAPI' has been exceeded. Limit: 0 in zone us-east5-c.)
[10-03 21:38:40] create mhc-exp11-628463 (v6e-1) in asia-southeast1-b failed: an internal error has occurred
[10-03 21:38:53] create mhc-exp11-628462 (v6e-1) in asia-southeast1-b failed: capacity
[10-03 21:39:00] create mhc-exp11-629285 (v6e-1) in asia-southeast1-b failed: capacity
[10-03 21:39:39] create mhc-exp11-628464 (v6e-4) in us-central1-b failed: capacity
[10-03 21:40:03] create mhc-exp11-628463 (v6e-1) in us-central1-a failed: capacity
[10-03 21:41:28] create mhc-exp11-628462 (v6e-1) in us-south1-a failed: capacity
[10-03 21:41:28] create mhc-exp11-629285 (v6e-1) in us-south1-a failed: capacity
[10-03 21:42:06] create mhc-exp11-629285 (v6e-1) in us-south1-c failed: an internal error has occurred
[10-03 21:42:13] create mhc-exp11-628464 (v6e-4) in us-south1-c failed: an internal error has occurred
[10-03 21:42:23] create mhc-exp11-628462 (v6e-1) in us-south1-c failed: an internal error has occurred
[10-03 21:42:36] status: 19/174 done, 154 queued, 1 running on 1 VMs, spent $18.09
[10-03 21:42:55] create mhc-exp11-od6375614 (v6e-8, on-demand) in us-central1-a failed: capacity
[10-03 21:43:05] create mhc-exp11-od6375614 (v6e-8, on-demand) in us-central1-b failed: User does not have permission to submit requests for accelerator type \
[10-03 21:43:16] create mhc-exp11-od6375614 (v6e-8, on-demand) in us-central1-c failed: capacity
[10-03 21:43:30] create mhc-exp11-od6375614 (v6e-8, on-demand) in us-south1-a failed: capacity
[10-03 21:43:35] create mhc-exp11-od6375614 (v6e-8, on-demand) in us-south1-c failed: capacity
[10-03 21:43:37] create mhc-exp11-628463 (v6e-1) in us-central1-b failed: capacity
[10-03 21:43:43] create mhc-exp11-od6375614 (v6e-4, on-demand) in us-central1-b failed: User does not have permission to submit requests for accelerator type \
[10-03 21:43:45] create mhc-exp11-628463 (v6e-1) in us-central1-c failed: capacity
[10-03 21:44:00] create mhc-exp11-629285 (v6e-1) in us-east5-a failed: capacity
[10-03 21:44:01] create mhc-exp11-628462 (v6e-1) in us-east5-a failed: capacity
[10-03 21:44:42] v6e-a-global-h4-lr2x-s0: back in the queue (state DELETING, attempt 3)
[10-03 21:44:43] deleted mhc-exp11-564138 (state DELETING) — delete failed: ABORTED: unable to queue delete operation
- '@type': type.googleapis.com/google.rpc.ResourceInfo
  resourceName: projects/PROJECT_ID/locations/us-central1-b/nodes/mhc-exp11-564138

[10-03 21:45:09] create mhc-exp11-628463 (v6e-1) in us-east5-a failed: capacity
[10-03 21:45:42] create mhc-exp11-od6388315 (v6e-8, on-demand) in asia-southeast1-b failed: capacity
[10-03 21:45:59] create mhc-exp11-6388316 (v6e-8) in asia-southeast1-b failed: capacity
[10-03 21:46:02] create mhc-exp11-od6388315 (v6e-4, on-demand) in us-south1-a failed: capacity
[10-03 21:46:22] create mhc-exp11-od6388315 (v6e-4, on-demand) in us-south1-c failed: capacity
[10-03 21:46:24] create mhc-exp11-6388316 (v6e-8) in us-central1-a failed: capacity
[10-03 21:46:26] create mhc-exp11-628462 (v6e-1) in us-east5-b failed: capacity
[10-03 21:46:30] create mhc-exp11-6388316 (v6e-8) in us-central1-c failed: capacity
[10-03 21:46:32] create mhc-exp11-628463 (v6e-1) in us-east5-b failed: capacity
[10-03 21:46:35] create mhc-exp11-6388316 (v6e-8) in us-south1-a failed: capacity
[10-03 21:46:46] create mhc-exp11-629285 (v6e-1) in us-east5-b failed: capacity
[10-03 21:47:10] create mhc-exp11-6388316 (v6e-8) in us-south1-c failed: an internal error has occurred
[10-03 21:47:12] create mhc-exp11-628462 (v6e-1) in us-east5-c failed: quota (Quota limit 'TPUV6EPreemptiblePerProjectPerZoneForTPUAPI' has been exceeded. Limit: 0 in zone us-east5-c.)
[10-03 21:47:16] create mhc-exp11-628463 (v6e-1) in us-east5-c failed: quota (Quota limit 'TPUV6EPreemptiblePerProjectPerZoneForTPUAPI' has been exceeded. Limit: 0 in zone us-east5-c.)
[10-03 21:47:22] create mhc-exp11-od6388315 (v6e-4, on-demand) in asia-southeast1-b failed: capacity
[10-03 21:47:31] create mhc-exp11-629285 (v6e-1) in us-east5-c failed: quota (Quota limit 'TPUV6EPreemptiblePerProjectPerZoneForTPUAPI' has been exceeded. Limit: 0 in zone us-east5-c.)
[10-03 21:48:34] create mhc-exp11-6406917 (v6e-8) in us-central1-b failed: quota (Quota limit 'TPUV6EPreemptiblePerProjectPerZoneForTPUAPI' has been exceeded. Limit: 16 in zone us-central1-b.)
[10-03 21:48:36] create mhc-exp11-6388316 (v6e-8) in us-east5-a failed: capacity
[10-03 21:48:40] create mhc-exp11-6406919 (v6e-8) in us-central1-b failed: quota (Quota limit 'TPUV6EPreemptiblePerProjectPerZoneForTPUAPI' has been exceeded. Limit: 16 in zone us-central1-b.)
[10-03 21:49:00] create mhc-exp11-od6413021 (v6e-8, on-demand) in us-central1-b failed: User does not have permission to submit requests for accelerator type \
[10-03 21:49:11] create mhc-exp11-od6413021 (v6e-4, on-demand) in us-central1-a failed: capacity
[10-03 21:49:16] create mhc-exp11-od6413021 (v6e-4, on-demand) in us-central1-b failed: User does not have permission to submit requests for accelerator type \
[10-03 21:49:20] create mhc-exp11-6406919 (v6e-8) in us-east5-c failed: quota (Quota limit 'TPUV6EPreemptiblePerProjectPerZoneForTPUAPI' has been exceeded. Limit: 0 in zone us-east5-c.)
[10-03 21:49:23] create mhc-exp11-od6413021 (v6e-4, on-demand) in us-central1-c failed: capacity
[10-03 21:49:24] create mhc-exp11-6388316 (v6e-8) in us-east5-c failed: quota (Quota limit 'TPUV6EPreemptiblePerProjectPerZoneForTPUAPI' has been exceeded. Limit: 0 in zone us-east5-c.)
[10-03 21:49:34] create mhc-exp11-6406917 (v6e-8) in us-east5-a failed: capacity
[10-03 21:50:21] create mhc-exp11-6406919 (v6e-4) in asia-southeast1-b failed: capacity
[10-03 21:50:21] create mhc-exp11-6388316 (v6e-4) in asia-southeast1-b failed: capacity
[10-03 21:50:27] create mhc-exp11-6388316 (v6e-4) in us-south1-a failed: capacity
[10-03 21:51:07] create mhc-exp11-6406919 (v6e-4) in us-central1-a failed: capacity
[10-03 21:51:13] create mhc-exp11-6406919 (v6e-4) in us-central1-c failed: capacity
[10-03 21:51:14] create mhc-exp11-6388316 (v6e-4) in us-south1-c failed: an internal error has occurred
[10-03 21:51:33] status: 19/186 done, 167 queued, 0 running on 0 VMs, spent $18.86
[10-03 21:51:44] create mhc-exp11-od642931 (v6e-8, on-demand) in us-central1-a failed: capacity
[10-03 21:51:53] create mhc-exp11-od642931 (v6e-8, on-demand) in us-central1-b failed: User does not have permission to submit requests for accelerator type \
[10-03 21:51:59] create mhc-exp11-od642931 (v6e-8, on-demand) in us-central1-c failed: capacity
[10-03 21:52:09] create mhc-exp11-od642931 (v6e-8, on-demand) in us-south1-a failed: capacity
[10-03 21:52:14] create mhc-exp11-od642931 (v6e-8, on-demand) in us-south1-c failed: capacity
[10-03 21:52:20] create mhc-exp11-642933 (v6e-8) in asia-southeast1-b failed: capacity
[10-03 21:52:20] create mhc-exp11-642934 (v6e-8) in asia-southeast1-b failed: capacity
[10-03 21:52:47] create mhc-exp11-od642931 (v6e-8, on-demand) in asia-southeast1-b failed: capacity
[10-03 21:52:52] create mhc-exp11-642932 (v6e-8) in asia-southeast1-b failed: capacity
[10-03 21:52:52] create mhc-exp11-od642931 (v6e-4, on-demand) in us-south1-a failed: capacity
[10-03 21:52:57] create mhc-exp11-642932 (v6e-8) in us-south1-a failed: capacity
[10-03 21:52:57] create mhc-exp11-od642931 (v6e-4, on-demand) in us-south1-c failed: capacity
[10-03 21:53:05] create mhc-exp11-642934 (v6e-8) in us-central1-a failed: capacity
[10-03 21:53:06] create mhc-exp11-642933 (v6e-8) in us-central1-a failed: capacity
[10-03 21:53:26] create mhc-exp11-643546 (v6e-8) in us-central1-a failed: capacity
[10-03 21:53:27] create mhc-exp11-643545 (v6e-8) in us-central1-a failed: capacity
[10-03 21:53:43] create mhc-exp11-od642931 (v6e-4, on-demand) in asia-southeast1-b failed: capacity
[10-03 21:53:53] create mhc-exp11-642933 (v6e-8) in us-central1-b failed: quota (Quota limit 'TPUV6EPreemptiblePerProjectPerZoneForTPUAPI' has been exceeded. Limit: 16 in zone us-central1-b.)
[10-03 21:53:59] create mhc-exp11-642933 (v6e-8) in us-central1-c failed: capacity
[10-03 21:54:06] create mhc-exp11-643546 (v6e-8) in us-central1-b failed: quota (Quota limit 'TPUV6EPreemptiblePerProjectPerZoneForTPUAPI' has been exceeded. Limit: 16 in zone us-central1-b.)
[10-03 21:54:13] create mhc-exp11-643545 (v6e-8) in us-central1-b failed: quota (Quota limit 'TPUV6EPreemptiblePerProjectPerZoneForTPUAPI' has been exceeded. Limit: 16 in zone us-central1-b.)
[10-03 21:54:20] create mhc-exp11-642932 (v6e-8) in us-south1-c failed: an internal error has occurred
[10-03 21:54:46] create mhc-exp11-od644787 (v6e-4, on-demand) in us-central1-a failed: capacity
[10-03 21:54:52] create mhc-exp11-od644787 (v6e-4, on-demand) in us-central1-b failed: User does not have permission to submit requests for accelerator type \
[10-03 21:54:54] create mhc-exp11-643545 (v6e-8) in us-south1-c failed: quota (Quota limit 'TPUV6EPreemptiblePerProjectPerZoneForTPUAPI' has been exceeded. Limit: 16 in zone us-south1-c.)
[10-03 21:55:02] create mhc-exp11-od644787 (v6e-4, on-demand) in us-central1-c failed: capacity
[10-03 21:55:13] create mhc-exp11-643546 (v6e-8) in us-south1-c failed: an internal error has occurred
[10-03 21:55:20] create mhc-exp11-642933 (v6e-8) in us-south1-c failed: an internal error has occurred
[10-03 21:55:25] create mhc-exp11-642932 (v6e-8) in us-east5-a failed: capacity
[10-03 21:55:27] create mhc-exp11-643545 (v6e-8) in us-east5-a failed: capacity
[10-03 21:56:40] create mhc-exp11-643546 (v6e-8) in us-east5-a failed: capacity
[10-03 21:56:45] create mhc-exp11-642933 (v6e-8) in us-east5-a failed: capacity
[10-03 21:57:21] create mhc-exp11-643546 (v6e-8) in us-east5-b failed: quota (Quota limit 'TPUV6EPreemptiblePerProjectPerZoneForTPUAPI' has been exceeded. Limit: 16 in zone us-east5-b.)
[10-03 21:57:27] create mhc-exp11-642933 (v6e-8) in us-east5-b failed: quota (Quota limit 'TPUV6EPreemptiblePerProjectPerZoneForTPUAPI' has been exceeded. Limit: 16 in zone us-east5-b.)
[10-03 21:57:49] create mhc-exp11-od6466310 (v6e-8, on-demand) in us-central1-b failed: User does not have permission to submit requests for accelerator type \
[10-03 21:58:01] create mhc-exp11-643546 (v6e-8) in us-east5-c failed: quota (Quota limit 'TPUV6EPreemptiblePerProjectPerZoneForTPUAPI' has been exceeded. Limit: 0 in zone us-east5-c.)
[10-03 21:58:08] create mhc-exp11-642932 (v6e-8) in us-east5-b failed: capacity
[10-03 21:58:10] create mhc-exp11-642933 (v6e-8) in us-east5-c failed: quota (Quota limit 'TPUV6EPreemptiblePerProjectPerZoneForTPUAPI' has been exceeded. Limit: 0 in zone us-east5-c.)
[10-03 21:58:13] create mhc-exp11-643545 (v6e-8) in us-east5-b failed: capacity
[10-03 21:58:43] create mhc-exp11-642932 (v6e-4) in asia-southeast1-b failed: capacity
[10-03 21:58:45] create mhc-exp11-642933 (v6e-4) in asia-southeast1-b failed: capacity
[10-03 21:58:47] create mhc-exp11-643545 (v6e-4) in asia-southeast1-b failed: an internal error has occurred
[10-03 21:58:48] create mhc-exp11-643546 (v6e-4) in asia-southeast1-b failed: an internal error has occurred
[10-03 21:58:57] create mhc-exp11-643545 (v6e-4) in us-south1-a failed: capacity
[10-03 21:58:57] create mhc-exp11-643546 (v6e-4) in us-south1-a failed: capacity
[10-03 21:58:58] created mhc-exp11-642934 (v6e-8) in us-central1-b
[10-03 21:59:02] create mhc-exp11-642932 (v6e-4) in us-central1-a failed: capacity
[10-03 21:59:03] create mhc-exp11-642933 (v6e-4) in us-central1-a failed: capacity
[10-03 22:00:19] create mhc-exp11-643545 (v6e-4) in us-south1-c failed: an internal error has occurred
[10-03 22:00:20] create mhc-exp11-643546 (v6e-4) in us-south1-c failed: an internal error has occurred
[10-03 22:00:56] create mhc-exp11-od6484813 (v6e-4, on-demand) in us-central1-b failed: User does not have permission to submit requests for accelerator type \
[10-03 22:01:08] create mhc-exp11-643545 (v6e-4) in us-east5-a failed: capacity
[10-03 22:01:24] mhc-exp11-642934: set up (data ok: 21 shards)
[10-03 22:01:24] create mhc-exp11-643546 (v6e-4) in us-east5-a failed: capacity
[10-03 22:02:12] v6e-a-global-h4-lr2x-s0: start on mhc-exp11-642934 failed: ssh: connect to host 136.114.18.103 port 22: Operation timed out

[10-03 22:02:31] create mhc-exp11-642933 (v6e-4) in us-central1-b failed: an internal error has occurred
[10-03 22:02:41] create mhc-exp11-642933 (v6e-4) in us-central1-c failed: capacity
[10-03 22:03:17] v6e-a-global-h4-lr2x-s0: started on mhc-exp11-642934 chip 0
[10-03 22:03:19] v6e-ctrl-mlp1216-lr2x-s0: started on mhc-exp11-642934 chip 1
[10-03 22:03:32] v6e-a-local-h4-lr2x-s0: started on mhc-exp11-642934 chip 2
[10-03 22:03:33] created mhc-exp11-642932 (v6e-4) in us-central1-b
[10-03 22:03:33] v6e-mhc-h1-lr2x-s1: started on mhc-exp11-642934 chip 3
[10-03 22:03:37] v6e-a-global-h4-lr2x-s1: started on mhc-exp11-642934 chip 4
[10-03 22:03:39] v6e-ctrl-mlp1216-lr2x-s1: started on mhc-exp11-642934 chip 5
[10-03 22:03:44] v6e-a-local-h4-lr2x-s1: started on mhc-exp11-642934 chip 6
[10-03 22:03:45] v6e-d768-mhc-h1-s0: started on mhc-exp11-642934 chip 7
[10-03 22:03:56] create mhc-exp11-od6502515 (v6e-8, on-demand) in us-central1-b failed: User does not have permission to submit requests for accelerator type \
[10-03 22:04:13] create mhc-exp11-643545 (v6e-4) in us-east5-b failed: capacity
[10-03 22:04:26] mhc-exp11-642932: set up (data ok: 21 shards)
[10-03 22:04:26] create mhc-exp11-642933 (v6e-4) in us-east5-b failed: capacity
[10-03 22:04:30] create mhc-exp11-643546 (v6e-4) in us-east5-b failed: capacity
[10-03 22:04:52] v6e-d768-a-global-h4-s0: started on mhc-exp11-642932 chip 0
[10-03 22:04:53] v6e-d768-ctrl-mlp2240-s0: started on mhc-exp11-642932 chip 1
[10-03 22:04:54] v6e-d768-mhc-h1-s1: started on mhc-exp11-642932 chip 2
[10-03 22:04:57] v6e-d768-a-global-h4-s1: started on mhc-exp11-642932 chip 3
[10-03 22:04:59] create mhc-exp11-643545 (v6e-4) in us-east5-c failed: quota (Quota limit 'TPUV6EPreemptiblePerProjectPerZoneForTPUAPI' has been exceeded. Limit: 0 in zone us-east5-c.)
[10-03 22:05:14] create mhc-exp11-642933 (v6e-4) in us-east5-c failed: quota (Quota limit 'TPUV6EPreemptiblePerProjectPerZoneForTPUAPI' has been exceeded. Limit: 0 in zone us-east5-c.)
[10-03 22:05:14] create mhc-exp11-643546 (v6e-4) in us-east5-c failed: quota (Quota limit 'TPUV6EPreemptiblePerProjectPerZoneForTPUAPI' has been exceeded. Limit: 0 in zone us-east5-c.)
[10-03 22:05:48] create mhc-exp11-643546 (v6e-1) in asia-southeast1-b failed: capacity
[10-03 22:05:49] create mhc-exp11-642933 (v6e-1) in asia-southeast1-b failed: capacity
[10-03 22:05:58] create mhc-exp11-643545 (v6e-1) in asia-southeast1-b failed: an internal error has occurred
[10-03 22:06:01] create mhc-exp11-642933 (v6e-1) in us-central1-a failed: capacity
[10-03 22:06:02] create mhc-exp11-643546 (v6e-1) in us-central1-a failed: capacity
[10-03 22:06:10] create mhc-exp11-643545 (v6e-1) in us-south1-a failed: capacity
[10-03 22:07:03] status: 19/186 done, 155 queued, 12 running on 2 VMs, spent $21.70
[10-03 22:07:12] create mhc-exp11-643545 (v6e-1) in us-south1-c failed: an internal error has occurred
[10-03 22:08:19] create mhc-exp11-od6528719 (v6e-8, on-demand) in us-south1-a failed: capacity
[10-03 22:08:25] create mhc-exp11-od6528719 (v6e-8, on-demand) in us-south1-c failed: capacity
[10-03 22:08:36] create mhc-exp11-643545 (v6e-1) in us-east5-a failed: capacity
[10-03 22:09:39] create mhc-exp11-od6528719 (v6e-8, on-demand) in asia-southeast1-b failed: capacity
[10-03 22:09:49] create mhc-exp11-od6528719 (v6e-4, on-demand) in us-south1-a failed: capacity
[10-03 22:09:50] create mhc-exp11-642933 (v6e-1) in us-central1-b failed: an internal error has occurred
[10-03 22:09:54] create mhc-exp11-od6528719 (v6e-4, on-demand) in us-south1-c failed: capacity
[10-03 22:09:58] create mhc-exp11-643545 (v6e-1) in us-east5-b failed: capacity
[10-03 22:09:59] create mhc-exp11-642933 (v6e-1) in us-central1-c failed: capacity
[10-03 22:10:11] create mhc-exp11-643546 (v6e-1) in us-central1-b failed: an internal error has occurred
[10-03 22:10:45] create mhc-exp11-643545 (v6e-1) in us-east5-c failed: quota (Quota limit 'TPUV6EPreemptiblePerProjectPerZoneForTPUAPI' has been exceeded. Limit: 0 in zone us-east5-c.)
[10-03 22:10:47] create mhc-exp11-642933 (v6e-1) in us-east5-c failed: quota (Quota limit 'TPUV6EPreemptiblePerProjectPerZoneForTPUAPI' has been exceeded. Limit: 0 in zone us-east5-c.)
[10-03 22:10:55] create mhc-exp11-od6528719 (v6e-4, on-demand) in asia-southeast1-b failed: capacity
[10-03 22:10:55] create mhc-exp11-643546 (v6e-1) in us-east5-c failed: quota (Quota limit 'TPUV6EPreemptiblePerProjectPerZoneForTPUAPI' has been exceeded. Limit: 0 in zone us-east5-c.)
[10-03 22:11:24] create mhc-exp11-od6547822 (v6e-8, on-demand) in us-central1-a failed: capacity
[10-03 22:11:29] create mhc-exp11-od6547822 (v6e-8, on-demand) in us-central1-b failed: User does not have permission to submit requests for accelerator type \
[10-03 22:11:40] create mhc-exp11-od6547822 (v6e-8, on-demand) in us-central1-c failed: capacity
[10-03 22:11:46] create mhc-exp11-od6547822 (v6e-4, on-demand) in us-central1-a failed: capacity
[10-03 22:11:55] create mhc-exp11-od6547822 (v6e-4, on-demand) in us-central1-b failed: User does not have permission to submit requests for accelerator type \
[10-03 22:12:02] create mhc-exp11-od6547822 (v6e-4, on-demand) in us-central1-c failed: capacity
[10-03 22:12:16] create mhc-exp11-6547820 (v6e-8) in asia-southeast1-b failed: quota (Quota limit 'TPUV6EPreemptiblePerProjectPerZoneForTPUAPI' has been exceeded. Limit: 16 in zone asia-southeast1-b.)
[10-03 22:12:33] create mhc-exp11-6547823 (v6e-8) in asia-southeast1-b failed: capacity
[10-03 22:12:34] create mhc-exp11-6547821 (v6e-8) in asia-southeast1-b failed: capacity
[10-03 22:12:35] create mhc-exp11-6547820 (v6e-8) in us-central1-a failed: capacity
[10-03 22:12:43] create mhc-exp11-6547821 (v6e-8) in us-south1-a failed: capacity
[10-03 22:13:05] create mhc-exp11-6547823 (v6e-8) in us-central1-a failed: capacity
[10-03 22:13:16] create mhc-exp11-6547821 (v6e-8) in us-south1-c failed: an internal error has occurred
[10-03 22:13:24] create mhc-exp11-6547820 (v6e-8) in us-central1-b failed: quota (Quota limit 'TPUV6EPreemptiblePerProjectPerZoneForTPUAPI' has been exceeded. Limit: 16 in zone us-central1-b.)
[10-03 22:13:29] create mhc-exp11-6547820 (v6e-8) in us-central1-c failed: capacity
[10-03 22:13:48] create mhc-exp11-6547823 (v6e-8) in us-central1-b failed: quota (Quota limit 'TPUV6EPreemptiblePerProjectPerZoneForTPUAPI' has been exceeded. Limit: 16 in zone us-central1-b.)
[10-03 22:14:02] create mhc-exp11-6547820 (v6e-8) in us-east5-a failed: capacity
[10-03 22:14:05] create mhc-exp11-6547821 (v6e-8) in us-east5-a failed: capacity
[10-03 22:15:22] create mhc-exp11-6547823 (v6e-8) in us-east5-a failed: capacity
[10-03 22:16:00] mhc-exp11-642934: status failed (1): ssh: connect to host 136.114.18.103 port 22: Operation timed out
[10-03 22:16:04] create mhc-exp11-6547820 (v6e-8) in us-east5-b failed: capacity
[10-03 22:16:09] create mhc-exp11-6547821 (v6e-8) in us-east5-b failed: capacity
[10-03 22:16:44] create mhc-exp11-6547820 (v6e-8) in us-east5-c failed: quota (Quota limit 'TPUV6EPreemptiblePerProjectPerZoneForTPUAPI' has been exceeded. Limit: 0 in zone us-east5-c.)
[10-03 22:16:53] create mhc-exp11-6547821 (v6e-8) in us-east5-c failed: quota (Quota limit 'TPUV6EPreemptiblePerProjectPerZoneForTPUAPI' has been exceeded. Limit: 0 in zone us-east5-c.)
[10-03 22:17:10] create mhc-exp11-od6582527 (v6e-8, on-demand) in us-central1-b failed: User does not have permission to submit requests for accelerator type \
[10-03 22:17:20] create mhc-exp11-od6582527 (v6e-4, on-demand) in us-central1-b failed: User does not have permission to submit requests for accelerator type \
[10-03 22:17:31] create mhc-exp11-6547820 (v6e-4) in asia-southeast1-b failed: capacity
[10-03 22:17:55] create mhc-exp11-6547821 (v6e-4) in asia-southeast1-b failed: capacity
[10-03 22:18:17] create mhc-exp11-6547820 (v6e-4) in us-central1-a failed: capacity
[10-03 22:18:41] create mhc-exp11-6547821 (v6e-4) in us-central1-a failed: capacity
[10-03 22:19:06] create mhc-exp11-6547823 (v6e-8) in us-east5-b failed: capacity
[10-03 22:19:15] create mhc-exp11-6547823 (v6e-4) in us-south1-a failed: capacity
[10-03 22:19:25] create mhc-exp11-6547821 (v6e-4) in us-central1-b failed: quota (Quota limit 'TPUV6EPreemptiblePerProjectPerZoneForTPUAPI' has been exceeded. Limit: 16 in zone us-central1-b.)
[10-03 22:19:30] create mhc-exp11-6547821 (v6e-4) in us-central1-c failed: capacity
[10-03 22:20:18] create mhc-exp11-6547823 (v6e-4) in us-south1-c failed: an internal error has occurred
[10-03 22:20:22] create mhc-exp11-6547821 (v6e-4) in us-south1-c failed: an internal error has occurred
[10-03 22:20:58] create mhc-exp11-6547821 (v6e-4) in us-east5-a failed: capacity
[10-03 22:21:09] create mhc-exp11-6547823 (v6e-4) in us-east5-a failed: capacity
[10-03 22:21:37] mhc-exp11-642934: status failed (1): ssh: connect to host 136.114.18.103 port 22: Operation timed out
[10-03 22:21:54] create mhc-exp11-6547823 (v6e-4) in us-east5-b failed: capacity
[10-03 22:22:00] create mhc-exp11-6547821 (v6e-4) in us-east5-b failed: capacity
[10-03 22:22:38] create mhc-exp11-6547823 (v6e-4) in us-east5-c failed: quota (Quota limit 'TPUV6EPreemptiblePerProjectPerZoneForTPUAPI' has been exceeded. Limit: 0 in zone us-east5-c.)
[10-03 22:22:48] create mhc-exp11-6547820 (v6e-4) in us-central1-b failed: an internal error has occurred
[10-03 22:22:48] create mhc-exp11-6547821 (v6e-4) in us-east5-c failed: quota (Quota limit 'TPUV6EPreemptiblePerProjectPerZoneForTPUAPI' has been exceeded. Limit: 0 in zone us-east5-c.)
[10-03 22:22:59] mhc-exp11-642934: status failed (2): ssh: connect to host 136.114.18.103 port 22: Operation timed out
[10-03 22:22:59] status: 19/186 done, 155 queued, 12 running on 2 VMs, spent $25.08
[10-03 22:23:06] create mhc-exp11-od6617932 (v6e-8, on-demand) in us-central1-b failed: User does not have permission to submit requests for accelerator type \
[10-03 22:23:15] create mhc-exp11-od6617932 (v6e-4, on-demand) in us-central1-b failed: User does not have permission to submit requests for accelerator type \
[10-03 22:23:22] create mhc-exp11-6547820 (v6e-1) in asia-southeast1-b failed: capacity
[10-03 22:23:22] create mhc-exp11-6547823 (v6e-1) in asia-southeast1-b failed: an internal error has occurred
[10-03 22:23:24] create mhc-exp11-6547821 (v6e-1) in asia-southeast1-b failed: capacity
[10-03 22:23:30] create mhc-exp11-6547823 (v6e-1) in us-south1-a failed: capacity
[10-03 22:23:36] create mhc-exp11-6547821 (v6e-1) in us-central1-a failed: capacity
[10-03 22:23:40] create mhc-exp11-6547820 (v6e-1) in us-central1-a failed: capacity
[10-03 22:24:15] create mhc-exp11-6547823 (v6e-1) in us-south1-c failed: an internal error has occurred
[10-03 22:24:36] create mhc-exp11-6547823 (v6e-1) in us-east5-a failed: capacity
[10-03 22:25:12] create mhc-exp11-od6630333 (v6e-8, on-demand) in us-south1-a failed: capacity
[10-03 22:25:17] create mhc-exp11-od6630333 (v6e-8, on-demand) in us-south1-c failed: capacity
[10-03 22:26:03] create mhc-exp11-od6630333 (v6e-8, on-demand) in asia-southeast1-b failed: capacity
[10-03 22:26:10] create mhc-exp11-od6630333 (v6e-4, on-demand) in us-south1-a failed: capacity
[10-03 22:26:15] create mhc-exp11-od6630333 (v6e-4, on-demand) in us-south1-c failed: capacity
[10-03 22:26:29] create mhc-exp11-6630334 (v6e-8) in us-south1-c failed: an internal error has occurred
[10-03 22:26:32] v6e-ctrl-mlp1216-lr2x-s0: done — exit 0 in 1212s on mhc-exp11-642934 (us-central1-b), val 5.0534, tok/s 91068, preempted 0x
[10-03 22:26:47] v6e-mhc-h1-lr2x-s1: done — exit 0 in 1200s on mhc-exp11-642934 (us-central1-b), val 5.0928, tok/s 92042, preempted 0x
[10-03 22:26:59] create mhc-exp11-od6630333 (v6e-4, on-demand) in asia-southeast1-b failed: capacity
[10-03 22:27:02] v6e-ctrl-mlp1216-lr2x-s1: done — exit 0 in 1204s on mhc-exp11-642934 (us-central1-b), val 5.2278, tok/s 91242, preempted 0x
[10-03 22:27:05] v6e-d768-ctrl-mlp2240-s1: started on mhc-exp11-642934 chip 1
[10-03 22:27:14] adopted mhc-exp11-642934 (us-central1-b): running ['v6e-a-global-h4-lr2x-s0', 'v6e-a-global-h4-lr2x-s1', 'v6e-a-local-h4-lr2x-s0', 'v6e-a-local-h4-lr2x-s1', 'v6e-d768-ctrl-mlp2240-s1', 'v6e-d768-mhc-h1-lr7.5e-4-s0', 'v6e-d768-mhc-h1-s0']
[10-03 22:27:15] adopted mhc-exp11-642932 (us-central1-b): running ['v6e-d768-a-global-h4-s0', 'v6e-d768-a-global-h4-s1', 'v6e-d768-ctrl-mlp2240-s0', 'v6e-d768-mhc-h1-s1']
[10-03 22:27:32] v6e-a-global-h4-lr2x-s0: done — exit 0 in 1213s on mhc-exp11-642934 (us-central1-b), val 4.9573, tok/s 92070, preempted 0x
[10-03 22:27:51] v6e-a-local-h4-lr2x-s0: done — exit 0 in 1247s on mhc-exp11-642934 (us-central1-b), val 4.8602, tok/s 88216, preempted 0x
[10-03 22:28:04] v6e-d768-a-global-h4-lr7.5e-4-s0: started on mhc-exp11-642934 chip 0
[10-03 22:28:05] v6e-d768-ctrl-mlp2240-lr7.5e-4-s0: started on mhc-exp11-642934 chip 2
[10-03 22:28:07] v6e-d768-a-local-h4-lr7.5e-4-s0: started on mhc-exp11-642934 chip 5
[10-03 22:28:07] status: 24/186 done, 150 queued, 12 running on 2 VMs, spent $26.17
[10-03 22:28:15] create mhc-exp11-od664871 (v6e-8, on-demand) in us-central1-a failed: capacity
[10-03 22:28:20] create mhc-exp11-od664871 (v6e-8, on-demand) in us-central1-b failed: User does not have permission to submit requests for accelerator type \
[10-03 22:28:27] create mhc-exp11-od664871 (v6e-8, on-demand) in us-central1-c failed: capacity
[10-03 22:28:38] create mhc-exp11-od664871 (v6e-8, on-demand) in us-south1-a failed: capacity
[10-03 22:28:43] create mhc-exp11-od664871 (v6e-8, on-demand) in us-south1-c failed: capacity
[10-03 22:28:56] create mhc-exp11-664872 (v6e-8) in asia-southeast1-b failed: capacity
[10-03 22:28:57] create mhc-exp11-664874 (v6e-8) in asia-southeast1-b failed: capacity
[10-03 22:29:05] create mhc-exp11-664872 (v6e-8) in us-central1-a failed: capacity
[10-03 22:29:25] v6e-a-global-h4-lr2x-s1: done — exit 0 in 1307s on mhc-exp11-642934 (us-central1-b), val 5.1195, tok/s 84975, preempted 0x
[10-03 22:29:39] v6e-a-local-h4-lr2x-s1: done — exit 0 in 1327s on mhc-exp11-642934 (us-central1-b), val 5.0837, tok/s 83049, preempted 0x
[10-03 22:29:44] create mhc-exp11-od664871 (v6e-8, on-demand) in asia-southeast1-b failed: capacity
[10-03 22:29:44] v6e-d768-mhc-h1-lr5.3e-4-s0: started on mhc-exp11-642934 chip 4
[10-03 22:29:45] create mhc-exp11-664874 (v6e-8) in us-central1-a failed: capacity
[10-03 22:29:46] v6e-d768-a-global-h4-lr5.3e-4-s0: started on mhc-exp11-642934 chip 6
[10-03 22:29:52] create mhc-exp11-od664871 (v6e-4, on-demand) in us-south1-a failed: capacity
[10-03 22:29:57] create mhc-exp11-664873 (v6e-8) in asia-southeast1-b failed: capacity
[10-03 22:29:59] create mhc-exp11-664872 (v6e-8) in us-central1-b failed: quota (Quota limit 'TPUV6EPreemptiblePerProjectPerZoneForTPUAPI' has been exceeded. Limit: 16 in zone us-central1-b.)
[10-03 22:30:01] create mhc-exp11-od664871 (v6e-4, on-demand) in us-south1-c failed: capacity
[10-03 22:30:09] create mhc-exp11-664873 (v6e-8) in us-south1-a failed: capacity
[10-03 22:30:10] create mhc-exp11-664872 (v6e-8) in us-central1-c failed: capacity
[10-03 22:30:36] create mhc-exp11-664874 (v6e-8) in us-central1-b failed: quota (Quota limit 'TPUV6EPreemptiblePerProjectPerZoneForTPUAPI' has been exceeded. Limit: 16 in zone us-central1-b.)
[10-03 22:31:00] create mhc-exp11-od664871 (v6e-4, on-demand) in asia-southeast1-b failed: capacity
[10-03 22:31:14] create mhc-exp11-664873 (v6e-8) in us-south1-c failed: an internal error has occurred
[10-03 22:31:14] create mhc-exp11-664872 (v6e-8) in us-south1-c failed: an internal error has occurred
[10-03 22:32:06] create mhc-exp11-od667175 (v6e-4, on-demand) in us-central1-a failed: capacity
[10-03 22:32:11] create mhc-exp11-od667175 (v6e-4, on-demand) in us-central1-b failed: User does not have permission to submit requests for accelerator type \
[10-03 22:32:17] create mhc-exp11-664874 (v6e-8) in us-south1-c failed: an internal error has occurred
[10-03 22:32:30] create mhc-exp11-od667175 (v6e-4, on-demand) in us-central1-c failed: capacity
[10-03 22:32:37] create mhc-exp11-664872 (v6e-8) in us-east5-a failed: capacity
[10-03 22:32:40] create mhc-exp11-664873 (v6e-8) in us-east5-a failed: capacity
[10-03 22:33:24] create mhc-exp11-664872 (v6e-8) in us-east5-b failed: capacity
[10-03 22:33:25] create mhc-exp11-664873 (v6e-8) in us-east5-b failed: capacity
[10-03 22:33:43] create mhc-exp11-664874 (v6e-8) in us-east5-a failed: capacity
[10-03 22:34:04] create mhc-exp11-664872 (v6e-8) in us-east5-c failed: quota (Quota limit 'TPUV6EPreemptiblePerProjectPerZoneForTPUAPI' has been exceeded. Limit: 0 in zone us-east5-c.)
[10-03 22:34:10] create mhc-exp11-od668457 (v6e-8, on-demand) in us-central1-b failed: User does not have permission to submit requests for accelerator type \
[10-03 22:34:12] create mhc-exp11-664873 (v6e-8) in us-east5-c failed: quota (Quota limit 'TPUV6EPreemptiblePerProjectPerZoneForTPUAPI' has been exceeded. Limit: 0 in zone us-east5-c.)
[10-03 22:34:29] create mhc-exp11-664874 (v6e-8) in us-east5-c failed: quota (Quota limit 'TPUV6EPreemptiblePerProjectPerZoneForTPUAPI' has been exceeded. Limit: 0 in zone us-east5-c.)
[10-03 22:35:02] create mhc-exp11-664872 (v6e-4) in asia-southeast1-b failed: capacity
[10-03 22:35:10] create mhc-exp11-664873 (v6e-4) in asia-southeast1-b failed: capacity
[10-03 22:35:28] create mhc-exp11-664874 (v6e-4) in asia-southeast1-b failed: capacity
[10-03 22:35:33] create mhc-exp11-664874 (v6e-4) in us-south1-a failed: capacity
[10-03 22:35:44] create mhc-exp11-664873 (v6e-4) in us-central1-a failed: capacity
[10-03 22:35:47] create mhc-exp11-664872 (v6e-4) in us-central1-a failed: capacity
[10-03 22:36:19] create mhc-exp11-664874 (v6e-4) in us-south1-c failed: an internal error has occurred
[10-03 22:36:29] create mhc-exp11-664872 (v6e-4) in us-central1-b failed: quota (Quota limit 'TPUV6EPreemptiblePerProjectPerZoneForTPUAPI' has been exceeded. Limit: 16 in zone us-central1-b.)
[10-03 22:36:39] create mhc-exp11-664872 (v6e-4) in us-central1-c failed: capacity
[10-03 22:37:25] create mhc-exp11-od6703510 (v6e-4, on-demand) in us-central1-b failed: User does not have permission to submit requests for accelerator type \
[10-03 22:37:39] create mhc-exp11-664872 (v6e-4) in us-east5-a failed: capacity
[10-03 22:37:44] create mhc-exp11-664874 (v6e-4) in us-east5-a failed: capacity
[10-03 22:39:06] create mhc-exp11-664874 (v6e-4) in us-east5-b failed: capacity
[10-03 22:39:21] create mhc-exp11-664872 (v6e-4) in us-east5-b failed: capacity
[10-03 22:40:00] v6e-d768-mhc-h1-s0: done — exit 0 in 2035s on mhc-exp11-642934 (us-central1-b), val 4.1313, tok/s 53842, preempted 0x
[10-03 22:40:03] v6e-d768-ctrl-mlp2240-lr5.3e-4-s0: started on mhc-exp11-642934 chip 7
[10-03 22:40:08] create mhc-exp11-664874 (v6e-4) in us-east5-c failed: quota (Quota limit 'TPUV6EPreemptiblePerProjectPerZoneForTPUAPI' has been exceeded. Limit: 0 in zone us-east5-c.)
[10-03 22:40:11] create mhc-exp11-od6720312 (v6e-8, on-demand) in us-central1-b failed: User does not have permission to submit requests for accelerator type \
[10-03 22:40:23] create mhc-exp11-664872 (v6e-4) in us-east5-c failed: quota (Quota limit 'TPUV6EPreemptiblePerProjectPerZoneForTPUAPI' has been exceeded. Limit: 0 in zone us-east5-c.)
[10-03 22:40:57] create mhc-exp11-664872 (v6e-1) in asia-southeast1-b failed: capacity
[10-03 22:40:57] create mhc-exp11-664873 (v6e-4) in us-central1-b failed: an internal error has occurred
[10-03 22:40:57] create mhc-exp11-664874 (v6e-1) in asia-southeast1-b failed: capacity
[10-03 22:41:04] create mhc-exp11-664873 (v6e-1) in us-south1-a failed: capacity
[10-03 22:41:10] create mhc-exp11-664872 (v6e-1) in us-central1-a failed: capacity
[10-03 22:41:11] create mhc-exp11-664874 (v6e-1) in us-central1-a failed: capacity
[10-03 22:41:21] v6e-d768-ctrl-mlp2240-s0: done — exit 0 in 2136s on mhc-exp11-642932 (us-central1-b), val 4.0606, tok/s 51460, preempted 0x
[10-03 22:41:35] v6e-d768-mhc-h1-s1: done — exit 0 in 2149s on mhc-exp11-642932 (us-central1-b), val 4.0811, tok/s 51250, preempted 0x
[10-03 22:41:39] v6e-d768-a-local-h4-lr5.3e-4-s0: started on mhc-exp11-642932 chip 1
[10-03 22:41:40] v6e-d768-mhc-h1-lr1.06e-3-s0: started on mhc-exp11-642932 chip 2
[10-03 22:42:28] create mhc-exp11-664873 (v6e-1) in us-south1-c failed: an internal error has occurred
[10-03 22:42:56] v6e-d768-a-global-h4-s0: done — exit 0 in 2169s on mhc-exp11-642932 (us-central1-b), val 4.0815, tok/s 50704, preempted 0x
[10-03 22:43:10] v6e-d768-a-global-h4-s1: done — exit 0 in 2159s on mhc-exp11-642932 (us-central1-b), val 4.0287, tok/s 51089, preempted 0x
[10-03 22:43:14] v6e-d768-a-global-h4-lr1.06e-3-s0: started on mhc-exp11-642932 chip 0
[10-03 22:43:16] v6e-d768-ctrl-mlp2240-lr1.06e-3-s0: started on mhc-exp11-642932 chip 3
[10-03 22:43:16] status: 31/186 done, 143 queued, 12 running on 2 VMs, spent $29.39
[10-03 22:43:54] create mhc-exp11-664873 (v6e-1) in us-east5-a failed: capacity
[10-03 22:44:24] create mhc-exp11-od6745915 (v6e-8, on-demand) in us-south1-a failed: capacity
[10-03 22:44:30] create mhc-exp11-od6745915 (v6e-8, on-demand) in us-south1-c failed: capacity
[10-03 22:44:42] create mhc-exp11-664874 (v6e-1) in us-central1-b failed: an internal error has occurred
[10-03 22:44:49] create mhc-exp11-664874 (v6e-1) in us-central1-c failed: capacity
[10-03 22:45:20] create mhc-exp11-664872 (v6e-1) in us-central1-b failed: an internal error has occurred
[10-03 22:45:35] create mhc-exp11-664873 (v6e-1) in us-east5-b failed: capacity
[10-03 22:45:35] create mhc-exp11-od6752316 (v6e-8, on-demand) in us-central1-a failed: capacity
[10-03 22:45:44] create mhc-exp11-od6752316 (v6e-8, on-demand) in us-central1-b failed: User does not have permission to submit requests for accelerator type \
[10-03 22:45:53] create mhc-exp11-od6752316 (v6e-8, on-demand) in us-central1-c failed: capacity
[10-03 22:46:19] create mhc-exp11-664873 (v6e-1) in us-east5-c failed: quota (Quota limit 'TPUV6EPreemptiblePerProjectPerZoneForTPUAPI' has been exceeded. Limit: 0 in zone us-east5-c.)
[10-03 22:47:11] create mhc-exp11-od6752316 (v6e-8, on-demand) in asia-southeast1-b failed: capacity
[10-03 22:47:17] create mhc-exp11-od6752316 (v6e-4, on-demand) in us-central1-a failed: capacity
[10-03 22:47:25] create mhc-exp11-od6752316 (v6e-4, on-demand) in us-central1-b failed: User does not have permission to submit requests for accelerator type \
[10-03 22:47:25] create mhc-exp11-6758617 (v6e-8) in asia-southeast1-b failed: capacity
[10-03 22:47:36] create mhc-exp11-od6752316 (v6e-4, on-demand) in us-south1-a failed: capacity
[10-03 22:47:41] create mhc-exp11-od6752316 (v6e-4, on-demand) in us-south1-c failed: capacity
[10-03 22:47:44] create mhc-exp11-6758617 (v6e-8) in us-central1-a failed: capacity
[10-03 22:48:25] create mhc-exp11-od6752316 (v6e-4, on-demand) in asia-southeast1-b failed: capacity
[10-03 22:48:30] create mhc-exp11-664872 (v6e-1) in us-east5-b failed: capacity
[10-03 22:48:32] create mhc-exp11-6758617 (v6e-8) in us-central1-b failed: quota (Quota limit 'TPUV6EPreemptiblePerProjectPerZoneForTPUAPI' has been exceeded. Limit: 16 in zone us-central1-b.)
[10-03 22:48:38] create mhc-exp11-6771318 (v6e-8) in us-central1-c failed: capacity
[10-03 22:48:39] create mhc-exp11-664874 (v6e-1) in us-east5-b failed: capacity
[10-03 22:48:41] create mhc-exp11-6758617 (v6e-8) in us-central1-c failed: capacity
[10-03 22:48:46] create mhc-exp11-6758617 (v6e-8) in us-south1-a failed: capacity
[10-03 22:48:47] create mhc-exp11-6771318 (v6e-8) in us-south1-a failed: capacity
[10-03 22:49:19] create mhc-exp11-6758617 (v6e-8) in us-south1-c failed: an internal error has occurred
[10-03 22:49:21] create mhc-exp11-6771318 (v6e-8) in us-south1-c failed: an internal error has occurred
[10-03 22:50:07] create mhc-exp11-6758617 (v6e-8) in us-east5-a failed: capacity
[10-03 22:50:08] create mhc-exp11-od6779821 (v6e-4, on-demand) in us-central1-c failed: capacity
[10-03 22:50:09] create mhc-exp11-6771318 (v6e-8) in us-east5-a failed: capacity
[10-03 22:51:08] create mhc-exp11-6758617 (v6e-8) in us-east5-b failed: capacity
[10-03 22:51:10] create mhc-exp11-od6786222 (v6e-8, on-demand) in us-central1-b failed: User does not have permission to submit requests for accelerator type \
[10-03 22:51:11] create mhc-exp11-6771318 (v6e-8) in us-east5-b failed: capacity
[10-03 22:51:24] create mhc-exp11-6779820 (v6e-8) in us-east5-a failed: capacity
[10-03 22:51:47] create mhc-exp11-6758617 (v6e-8) in us-east5-c failed: quota (Quota limit 'TPUV6EPreemptiblePerProjectPerZoneForTPUAPI' has been exceeded. Limit: 0 in zone us-east5-c.)
[10-03 22:51:56] create mhc-exp11-6771318 (v6e-8) in us-east5-c failed: quota (Quota limit 'TPUV6EPreemptiblePerProjectPerZoneForTPUAPI' has been exceeded. Limit: 0 in zone us-east5-c.)
[10-03 22:52:08] create mhc-exp11-6779820 (v6e-8) in us-east5-c failed: quota (Quota limit 'TPUV6EPreemptiblePerProjectPerZoneForTPUAPI' has been exceeded. Limit: 0 in zone us-east5-c.)
[10-03 22:52:31] create mhc-exp11-6771318 (v6e-4) in asia-southeast1-b failed: capacity
[10-03 22:52:33] create mhc-exp11-6758617 (v6e-4) in asia-southeast1-b failed: capacity
[10-03 22:52:44] create mhc-exp11-6771318 (v6e-4) in us-central1-a failed: capacity
[10-03 22:52:46] create mhc-exp11-6758617 (v6e-4) in us-central1-a failed: capacity
[10-03 22:53:06] create mhc-exp11-6779820 (v6e-4) in asia-southeast1-b failed: capacity
[10-03 22:53:13] create mhc-exp11-6779820 (v6e-4) in us-south1-a failed: capacity
[10-03 22:53:34] create mhc-exp11-6758617 (v6e-4) in us-central1-b failed: quota (Quota limit 'TPUV6EPreemptiblePerProjectPerZoneForTPUAPI' has been exceeded. Limit: 16 in zone us-central1-b.)
[10-03 22:53:43] create mhc-exp11-6758617 (v6e-4) in us-central1-c failed: capacity
[10-03 22:54:17] create mhc-exp11-6779820 (v6e-4) in us-south1-c failed: an internal error has occurred
[10-03 22:54:18] create mhc-exp11-6758617 (v6e-4) in us-south1-c failed: an internal error has occurred
[10-03 22:54:26] create mhc-exp11-od6805325 (v6e-4, on-demand) in us-central1-b failed: User does not have permission to submit requests for accelerator type \
[10-03 22:55:42] create mhc-exp11-6779820 (v6e-4) in us-east5-a failed: capacity
[10-03 22:55:43] create mhc-exp11-6758617 (v6e-4) in us-east5-a failed: capacity
[10-03 22:56:27] create mhc-exp11-od6818027 (v6e-8, on-demand) in us-central1-b failed: User does not have permission to submit requests for accelerator type \
[10-03 22:57:24] create mhc-exp11-6779820 (v6e-4) in us-east5-b failed: capacity
[10-03 22:57:25] create mhc-exp11-6758617 (v6e-4) in us-east5-b failed: capacity
[10-03 22:57:57] create mhc-exp11-6771318 (v6e-4) in us-central1-b failed: an internal error has occurred
[10-03 22:58:06] create mhc-exp11-6758617 (v6e-4) in us-east5-c failed: quota (Quota limit 'TPUV6EPreemptiblePerProjectPerZoneForTPUAPI' has been exceeded. Limit: 0 in zone us-east5-c.)
[10-03 22:58:10] create mhc-exp11-6779820 (v6e-4) in us-east5-c failed: quota (Quota limit 'TPUV6EPreemptiblePerProjectPerZoneForTPUAPI' has been exceeded. Limit: 0 in zone us-east5-c.)
[10-03 22:58:27] status: 31/186 done, 143 queued, 12 running on 2 VMs, spent $32.62
[10-03 22:58:42] create mhc-exp11-6771318 (v6e-4) in us-east5-c failed: quota (Quota limit 'TPUV6EPreemptiblePerProjectPerZoneForTPUAPI' has been exceeded. Limit: 0 in zone us-east5-c.)
[10-03 22:59:03] create mhc-exp11-6758617 (v6e-1) in asia-southeast1-b failed: capacity
[10-03 22:59:08] create mhc-exp11-6779820 (v6e-1) in asia-southeast1-b failed: capacity
[10-03 22:59:15] create mhc-exp11-6758617 (v6e-1) in us-central1-a failed: capacity
[10-03 22:59:39] create mhc-exp11-od6837030 (v6e-8, on-demand) in us-south1-a failed: capacity
[10-03 22:59:39] create mhc-exp11-6771318 (v6e-1) in asia-southeast1-b failed: capacity
[10-03 22:59:45] create mhc-exp11-od6837030 (v6e-8, on-demand) in us-south1-c failed: capacity
[10-03 22:59:48] create mhc-exp11-6771318 (v6e-1) in us-south1-a failed: capacity
[10-03 22:59:54] create mhc-exp11-6779820 (v6e-1) in us-central1-a failed: capacity
[10-03 23:00:22] create mhc-exp11-6771318 (v6e-1) in us-south1-c failed: an internal error has occurred
[10-03 23:00:52] v6e-d768-mhc-h1-lr7.5e-4-s0: done — exit 0 in 1948s on mhc-exp11-642934 (us-central1-b), val 3.9597, tok/s 56553, preempted 0x
[10-03 23:01:20] v6e-d768-a-local-h4-lr1.06e-3-s0: started on mhc-exp11-642934 chip 3
[10-03 23:01:41] create mhc-exp11-6758617 (v6e-1) in us-central1-b failed: an internal error has occurred
[10-03 23:01:48] create mhc-exp11-6758617 (v6e-1) in us-central1-c failed: capacity
[10-03 23:02:07] create mhc-exp11-6771318 (v6e-1) in us-east5-a failed: capacity
[10-03 23:02:35] create mhc-exp11-od6854432 (v6e-8, on-demand) in us-central1-a failed: capacity
[10-03 23:02:44] create mhc-exp11-od6854432 (v6e-8, on-demand) in us-central1-b failed: User does not have permission to submit requests for accelerator type \
[10-03 23:02:48] create mhc-exp11-6771318 (v6e-1) in us-east5-c failed: quota (Quota limit 'TPUV6EPreemptiblePerProjectPerZoneForTPUAPI' has been exceeded. Limit: 0 in zone us-east5-c.)
[10-03 23:02:51] create mhc-exp11-od6854432 (v6e-8, on-demand) in us-central1-c failed: capacity
[10-03 23:03:13] create mhc-exp11-6758617 (v6e-1) in us-east5-a failed: capacity
[10-03 23:03:26] create mhc-exp11-od6854432 (v6e-8, on-demand) in asia-southeast1-b failed: capacity
[10-03 23:03:35] create mhc-exp11-od6854432 (v6e-4, on-demand) in us-central1-a failed: capacity
[10-03 23:03:40] v6e-d768-ctrl-mlp2240-s1: done — exit 0 in 2008s on mhc-exp11-642934 (us-central1-b), val 4.0726, tok/s 54924, preempted 0x
[10-03 23:03:41] create mhc-exp11-od6854432 (v6e-4, on-demand) in us-central1-b failed: User does not have permission to submit requests for accelerator type \
[10-03 23:03:45] v6e-d768-mhc-h1-lr7.5e-4-s1: started on mhc-exp11-642934 chip 1
[10-03 23:03:52] create mhc-exp11-od6854432 (v6e-4, on-demand) in us-south1-a failed: capacity
[10-03 23:04:01] create mhc-exp11-od6854432 (v6e-4, on-demand) in us-south1-c failed: capacity
[10-03 23:04:31] create mhc-exp11-6862534 (v6e-8) in asia-southeast1-b failed: capacity
[10-03 23:04:44] create mhc-exp11-6862533 (v6e-8) in asia-southeast1-b failed: capacity
[10-03 23:04:49] create mhc-exp11-6862534 (v6e-8) in us-central1-a failed: capacity
[10-03 23:04:52] create mhc-exp11-6862533 (v6e-8) in us-south1-a failed: capacity
[10-03 23:05:00] v6e-d768-a-global-h4-lr7.5e-4-s0: done — exit 0 in 1937s on mhc-exp11-642934 (us-central1-b), val 3.9495, tok/s 58156, preempted 0x
[10-03 23:05:14] v6e-d768-ctrl-mlp2240-lr7.5e-4-s0: done — exit 0 in 2006s on mhc-exp11-642934 (us-central1-b), val 3.9429, tok/s 55223, preempted 0x
[10-03 23:05:16] create mhc-exp11-od6854432 (v6e-4, on-demand) in asia-southeast1-b failed: capacity
[10-03 23:05:18] create mhc-exp11-6862533 (v6e-8) in us-south1-c failed: an internal error has occurred
[10-03 23:05:29] v6e-d768-a-local-h4-lr7.5e-4-s0: done — exit 0 in 1941s on mhc-exp11-642934 (us-central1-b), val 3.9539, tok/s 57462, preempted 0x
[10-03 23:05:33] create mhc-exp11-6862534 (v6e-8) in us-central1-b failed: quota (Quota limit 'TPUV6EPreemptiblePerProjectPerZoneForTPUAPI' has been exceeded. Limit: 16 in zone us-central1-b.)
[10-03 23:05:34] v6e-d768-a-global-h4-lr7.5e-4-s1: started on mhc-exp11-642934 chip 0
[10-03 23:05:35] v6e-d768-ctrl-mlp2240-lr7.5e-4-s1: started on mhc-exp11-642934 chip 2
[10-03 23:05:37] v6e-d768-a-local-h4-lr7.5e-4-s1: started on mhc-exp11-642934 chip 5
[10-03 23:05:43] create mhc-exp11-6862534 (v6e-8) in us-central1-c failed: capacity
[10-03 23:06:21] create mhc-exp11-6862533 (v6e-4) in us-south1-c failed: an internal error has occurred
[10-03 23:06:30] create mhc-exp11-6779820 (v6e-1) in us-central1-b failed: an internal error has occurred
[10-03 23:06:52] v6e-d768-mhc-h1-lr5.3e-4-s0: done — exit 0 in 2086s on mhc-exp11-642934 (us-central1-b), val 3.9771, tok/s 52594, preempted 0x
[10-03 23:07:06] v6e-d768-a-global-h4-lr5.3e-4-s0: done — exit 0 in 2006s on mhc-exp11-642934 (us-central1-b), val 3.9716, tok/s 55751, preempted 0x
[10-03 23:07:10] v6e-d768-mhc-h1-lr5.3e-4-s1: started on mhc-exp11-642934 chip 4
[10-03 23:07:11] v6e-d768-a-global-h4-lr5.3e-4-s1: started on mhc-exp11-642934 chip 6
[10-03 23:07:17] create mhc-exp11-6779820 (v6e-1) in us-south1-c failed: an internal error has occurred
[10-03 23:07:24] create mhc-exp11-od6883136 (v6e-4, on-demand) in us-central1-c failed: capacity
[10-03 23:07:27] create mhc-exp11-6862533 (v6e-1) in us-south1-c failed: an internal error has occurred
[10-03 23:08:13] v6e-d768-a-local-h4-lr5.3e-4-s0: back in the queue (state PREEMPTED, attempt 2)
[10-03 23:08:13] v6e-d768-mhc-h1-lr1.06e-3-s0: back in the queue (state PREEMPTED, attempt 2)
[10-03 23:08:13] v6e-d768-a-global-h4-lr1.06e-3-s0: back in the queue (state PREEMPTED, attempt 2)
[10-03 23:08:13] v6e-d768-ctrl-mlp2240-lr1.06e-3-s0: back in the queue (state PREEMPTED, attempt 2)
[10-03 23:08:22] create mhc-exp11-6779820 (v6e-1) in us-east5-b failed: capacity
[10-03 23:08:29] create mhc-exp11-6862533 (v6e-1) in us-east5-b failed: capacity
[10-03 23:09:12] deleted mhc-exp11-642932 (state PREEMPTED)
[10-03 23:09:24] create mhc-exp11-od6895337 (v6e-8, on-demand) in us-central1-b failed: User does not have permission to submit requests for accelerator type \
[10-03 23:09:34] create mhc-exp11-od6895337 (v6e-4, on-demand) in us-central1-b failed: User does not have permission to submit requests for accelerator type \
[10-03 23:09:58] create mhc-exp11-6895340 (v6e-8) in us-east5-a failed: quota (Quota limit 'TPUV6EPreemptiblePerProjectPerZoneForTPUAPI' has been exceeded. Limit: 16 in zone us-east5-a.)
[10-03 23:10:19] create mhc-exp11-6895339 (v6e-8) in us-east5-a failed: capacity
[10-03 23:10:20] create mhc-exp11-6895338 (v6e-8) in us-east5-a failed: capacity
[10-03 23:10:43] create mhc-exp11-6895340 (v6e-8) in us-east5-b failed: capacity
[10-03 23:11:24] create mhc-exp11-6895340 (v6e-8) in us-east5-c failed: quota (Quota limit 'TPUV6EPreemptiblePerProjectPerZoneForTPUAPI' has been exceeded. Limit: 0 in zone us-east5-c.)
[10-03 23:12:11] create mhc-exp11-6895340 (v6e-4) in asia-southeast1-b failed: capacity
[10-03 23:12:24] create mhc-exp11-6895340 (v6e-4) in us-central1-a failed: capacity
[10-03 23:13:45] create mhc-exp11-6895339 (v6e-8) in us-east5-b failed: capacity
[10-03 23:13:45] create mhc-exp11-6895338 (v6e-8) in us-east5-b failed: capacity
[10-03 23:13:50] status: 38/186 done, 140 queued, 8 running on 1 VMs, spent $35.69
[10-03 23:13:56] create mhc-exp11-6895338 (v6e-4) in us-south1-a failed: capacity
[10-03 23:14:20] create mhc-exp11-6895338 (v6e-4) in us-south1-c failed: an internal error has occurred
[10-03 23:14:33] create mhc-exp11-6895339 (v6e-4) in us-central1-b failed: quota (Quota limit 'TPUV6EPreemptiblePerProjectPerZoneForTPUAPI' has been exceeded. Limit: 16 in zone us-central1-b.)
[10-03 23:14:43] create mhc-exp11-6895339 (v6e-4) in us-central1-c failed: capacity
[10-03 23:14:59] create mhc-exp11-od6929345 (v6e-8, on-demand) in us-central1-b failed: User does not have permission to submit requests for accelerator type \
[10-03 23:15:05] create mhc-exp11-od6929345 (v6e-8, on-demand) in us-south1-a failed: capacity
[10-03 23:15:10] create mhc-exp11-od6929345 (v6e-8, on-demand) in us-south1-c failed: capacity
[10-03 23:15:18] create mhc-exp11-od6929345 (v6e-4, on-demand) in us-central1-b failed: User does not have permission to submit requests for accelerator type \
[10-03 23:15:24] create mhc-exp11-6895338 (v6e-4) in us-east5-a failed: capacity
[10-03 23:15:28] create mhc-exp11-6895339 (v6e-4) in us-east5-a failed: capacity
[10-03 23:16:09] v6e-d768-ctrl-mlp2240-lr5.3e-4-s0: done — exit 0 in 2054s on mhc-exp11-642934 (us-central1-b), val 3.9680, tok/s 53636, preempted 0x
[10-03 23:16:12] v6e-d768-a-local-h4-lr5.3e-4-s0: started on mhc-exp11-642934 chip 7
[10-03 23:16:47] create mhc-exp11-6895338 (v6e-4) in us-east5-b failed: capacity
[10-03 23:16:49] created mhc-exp11-6862534 (v6e-4) in us-central1-b
[10-03 23:16:50] create mhc-exp11-6895339 (v6e-4) in us-east5-b failed: capacity
[10-03 23:17:38] create mhc-exp11-6895339 (v6e-4) in us-east5-c failed: quota (Quota limit 'TPUV6EPreemptiblePerProjectPerZoneForTPUAPI' has been exceeded. Limit: 0 in zone us-east5-c.)
[10-03 23:17:39] create mhc-exp11-6895338 (v6e-4) in us-east5-c failed: quota (Quota limit 'TPUV6EPreemptiblePerProjectPerZoneForTPUAPI' has been exceeded. Limit: 0 in zone us-east5-c.)
[10-03 23:17:49] mhc-exp11-6862534: set up (data ok: 21 shards)
[10-03 23:18:22] v6e-d768-mhc-h1-lr1.06e-3-s0: started on mhc-exp11-6862534 chip 0
[10-03 23:18:23] v6e-d768-a-global-h4-lr1.06e-3-s0: started on mhc-exp11-6862534 chip 1
[10-03 23:18:25] v6e-d768-ctrl-mlp2240-lr1.06e-3-s0: started on mhc-exp11-6862534 chip 2
[10-03 23:18:26] v6e-d768-ctrl-mlp2240-lr5.3e-4-s1: started on mhc-exp11-6862534 chip 3
[10-03 23:18:36] create mhc-exp11-6895339 (v6e-1) in asia-southeast1-b failed: capacity
[10-03 23:18:39] create mhc-exp11-od6950648 (v6e-8, on-demand) in us-central1-a failed: capacity
[10-03 23:18:45] create mhc-exp11-od6950648 (v6e-8, on-demand) in us-central1-c failed: capacity
[10-03 23:18:46] create mhc-exp11-6895339 (v6e-1) in us-south1-a failed: capacity
[10-03 23:18:55] create mhc-exp11-6895338 (v6e-1) in asia-southeast1-b failed: capacity
[10-03 23:19:20] create mhc-exp11-6895339 (v6e-1) in us-south1-c failed: an internal error has occurred
[10-03 23:19:27] create mhc-exp11-6895338 (v6e-1) in us-central1-a failed: capacity
[10-03 23:19:44] create mhc-exp11-od6950648 (v6e-8, on-demand) in asia-southeast1-b failed: capacity
[10-03 23:19:52] create mhc-exp11-od6950648 (v6e-4, on-demand) in us-south1-a failed: capacity
[10-03 23:20:00] create mhc-exp11-od6950648 (v6e-4, on-demand) in us-south1-c failed: capacity
[10-03 23:20:06] create mhc-exp11-6895339 (v6e-1) in us-east5-a failed: capacity
[10-03 23:20:14] create mhc-exp11-6895338 (v6e-1) in us-central1-b failed: quota (Quota limit 'TPUV6EPreemptiblePerProjectPerZoneForTPUAPI' has been exceeded. Limit: 16 in zone us-central1-b.)
[10-03 23:20:22] create mhc-exp11-6895338 (v6e-1) in us-central1-c failed: capacity
[10-03 23:20:41] create mhc-exp11-od6963349 (v6e-8, on-demand) in us-central1-b failed: User does not have permission to submit requests for accelerator type \
[10-03 23:20:41] create mhc-exp11-6895340 (v6e-4) in us-central1-b failed: an internal error has occurred
[10-03 23:20:52] create mhc-exp11-6895339 (v6e-1) in us-east5-c failed: quota (Quota limit 'TPUV6EPreemptiblePerProjectPerZoneForTPUAPI' has been exceeded. Limit: 0 in zone us-east5-c.)
[10-03 23:20:54] create mhc-exp11-od6963349 (v6e-4, on-demand) in us-central1-a failed: capacity
[10-03 23:21:03] create mhc-exp11-od6963349 (v6e-4, on-demand) in us-central1-b failed: User does not have permission to submit requests for accelerator type \
[10-03 23:21:04] create mhc-exp11-6895338 (v6e-1) in us-east5-c failed: quota (Quota limit 'TPUV6EPreemptiblePerProjectPerZoneForTPUAPI' has been exceeded. Limit: 0 in zone us-east5-c.)
[10-03 23:21:22] create mhc-exp11-6895340 (v6e-4) in us-south1-c failed: an internal error has occurred
[10-03 23:22:21] create mhc-exp11-od6963349 (v6e-4, on-demand) in asia-southeast1-b failed: capacity
[10-03 23:22:34] create mhc-exp11-6969651 (v6e-8) in asia-southeast1-b failed: capacity
[10-03 23:22:52] create mhc-exp11-6969650 (v6e-8) in asia-southeast1-b failed: capacity
[10-03 23:22:58] create mhc-exp11-6969651 (v6e-8) in us-central1-a failed: capacity
[10-03 23:23:17] create mhc-exp11-6969652 (v6e-8) in asia-southeast1-b failed: capacity
[10-03 23:23:22] create mhc-exp11-6969652 (v6e-8) in us-south1-a failed: capacity
[10-03 23:23:38] create mhc-exp11-6969650 (v6e-8) in us-central1-a failed: capacity
[10-03 23:23:42] create mhc-exp11-6969651 (v6e-8) in us-central1-b failed: quota (Quota limit 'TPUV6EPreemptiblePerProjectPerZoneForTPUAPI' has been exceeded. Limit: 16 in zone us-central1-b.)
[10-03 23:24:00] create mhc-exp11-6969651 (v6e-8) in us-central1-c failed: capacity
[10-03 23:24:10] create mhc-exp11-od6984354 (v6e-4, on-demand) in us-central1-c failed: capacity
[10-03 23:24:24] create mhc-exp11-6969651 (v6e-8) in us-south1-c failed: an internal error has occurred
[10-03 23:24:24] create mhc-exp11-6969652 (v6e-8) in us-south1-c failed: an internal error has occurred
[10-03 23:24:45] create mhc-exp11-6969650 (v6e-8) in us-central1-b failed: quota (Quota limit 'TPUV6EPreemptiblePerProjectPerZoneForTPUAPI' has been exceeded. Limit: 16 in zone us-central1-b.)
[10-03 23:25:27] create mhc-exp11-6969652 (v6e-1) in us-south1-c failed: an internal error has occurred
[10-03 23:25:28] create mhc-exp11-6969651 (v6e-1) in us-south1-c failed: an internal error has occurred
[10-03 23:25:31] create mhc-exp11-6969650 (v6e-1) in us-south1-c failed: an internal error has occurred
[10-03 23:26:19] create mhc-exp11-od6997056 (v6e-8, on-demand) in us-central1-b failed: User does not have permission to submit requests for accelerator type \
[10-03 23:26:28] create mhc-exp11-od6997056 (v6e-4, on-demand) in us-central1-b failed: User does not have permission to submit requests for accelerator type \
[10-03 23:27:53] create mhc-exp11-6969652 (v6e-1) in us-east5-b failed: capacity
[10-03 23:27:54] create mhc-exp11-6969651 (v6e-1) in us-east5-b failed: capacity
[10-03 23:27:56] create mhc-exp11-6969650 (v6e-1) in us-east5-b failed: capacity
[10-03 23:29:00] create mhc-exp11-7009760 (v6e-8) in us-east5-a failed: quota (Quota limit 'TPUV6EPreemptiblePerProjectPerZoneForTPUAPI' has been exceeded. Limit: 16 in zone us-east5-a.)
[10-03 23:29:21] status: 39/186 done, 135 queued, 12 running on 2 VMs, spent $39.33
[10-03 23:29:39] create mhc-exp11-7009758 (v6e-8) in us-east5-a failed: capacity
[10-03 23:29:41] create mhc-exp11-7009761 (v6e-8) in us-east5-a failed: capacity
[10-03 23:30:27] create mhc-exp11-7009761 (v6e-8) in us-east5-b failed: quota (Quota limit 'TPUV6EPreemptiblePerProjectPerZoneForTPUAPI' has been exceeded. Limit: 16 in zone us-east5-b.)
[10-03 23:30:30] create mhc-exp11-od7022463 (v6e-8, on-demand) in us-south1-a failed: capacity
[10-03 23:30:34] create mhc-exp11-od7022463 (v6e-8, on-demand) in us-south1-c failed: capacity
[10-03 23:30:41] create mhc-exp11-7009758 (v6e-8) in us-east5-b failed: capacity
[10-03 23:31:03] create mhc-exp11-7009760 (v6e-8) in us-east5-b failed: capacity
[10-03 23:31:09] create mhc-exp11-7009761 (v6e-8) in us-east5-c failed: quota (Quota limit 'TPUV6EPreemptiblePerProjectPerZoneForTPUAPI' has been exceeded. Limit: 0 in zone us-east5-c.)
[10-03 23:31:21] create mhc-exp11-7009758 (v6e-8) in us-east5-c failed: quota (Quota limit 'TPUV6EPreemptiblePerProjectPerZoneForTPUAPI' has been exceeded. Limit: 0 in zone us-east5-c.)
[10-03 23:31:39] create mhc-exp11-od7028864 (v6e-8, on-demand) in us-central1-b failed: User does not have permission to submit requests for accelerator type \
[10-03 23:31:43] create mhc-exp11-7009760 (v6e-8) in us-east5-c failed: quota (Quota limit 'TPUV6EPreemptiblePerProjectPerZoneForTPUAPI' has been exceeded. Limit: 0 in zone us-east5-c.)
[10-03 23:31:49] create mhc-exp11-od7028864 (v6e-4, on-demand) in us-central1-b failed: User does not have permission to submit requests for accelerator type \
[10-03 23:32:05] create mhc-exp11-7009758 (v6e-4) in asia-southeast1-b failed: capacity
[10-03 23:32:24] create mhc-exp11-7009761 (v6e-4) in asia-southeast1-b failed: capacity
[10-03 23:32:29] create mhc-exp11-7009758 (v6e-4) in us-central1-a failed: capacity
[10-03 23:32:45] create mhc-exp11-7009760 (v6e-4) in asia-southeast1-b failed: capacity
[10-03 23:32:55] create mhc-exp11-7009760 (v6e-4) in us-south1-a failed: capacity
[10-03 23:32:56] create mhc-exp11-7009761 (v6e-4) in us-central1-a failed: capacity
[10-03 23:33:20] create mhc-exp11-7009760 (v6e-4) in us-south1-c failed: an internal error has occurred
[10-03 23:33:45] create mhc-exp11-7009761 (v6e-4) in us-central1-b failed: quota (Quota limit 'TPUV6EPreemptiblePerProjectPerZoneForTPUAPI' has been exceeded. Limit: 16 in zone us-central1-b.)
[10-03 23:33:52] create mhc-exp11-7009761 (v6e-4) in us-central1-c failed: capacity
[10-03 23:34:04] create mhc-exp11-od7043566 (v6e-8, on-demand) in us-central1-a failed: capacity
[10-03 23:34:15] create mhc-exp11-od7043566 (v6e-8, on-demand) in us-central1-c failed: capacity
[10-03 23:34:24] create mhc-exp11-7009760 (v6e-4) in us-east5-a failed: capacity
[10-03 23:35:16] create mhc-exp11-7009761 (v6e-4) in us-east5-a failed: capacity
[10-03 23:35:43] create mhc-exp11-od7049967 (v6e-8, on-demand) in asia-southeast1-b failed: capacity
[10-03 23:35:49] create mhc-exp11-od7049967 (v6e-4, on-demand) in us-south1-a failed: capacity
[10-03 23:35:54] create mhc-exp11-od7049967 (v6e-4, on-demand) in us-south1-c failed: capacity
[10-03 23:36:01] create mhc-exp11-7009761 (v6e-4) in us-east5-b failed: capacity
[10-03 23:36:07] create mhc-exp11-7009760 (v6e-4) in us-east5-b failed: capacity
[10-03 23:36:14] v6e-d768-a-local-h4-lr1.06e-3-s0: done — exit 0 in 1964s on mhc-exp11-642934 (us-central1-b), val 3.9709, tok/s 57959, preempted 0x
[10-03 23:36:18] v6e-d768-a-local-h4-lr5.3e-4-s1: started on mhc-exp11-642934 chip 3
[10-03 23:36:32] create mhc-exp11-od7057868 (v6e-4, on-demand) in us-central1-a failed: capacity
[10-03 23:36:51] create mhc-exp11-7009761 (v6e-4) in us-east5-c failed: quota (Quota limit 'TPUV6EPreemptiblePerProjectPerZoneForTPUAPI' has been exceeded. Limit: 0 in zone us-east5-c.)
[10-03 23:36:53] create mhc-exp11-7009760 (v6e-4) in us-east5-c failed: quota (Quota limit 'TPUV6EPreemptiblePerProjectPerZoneForTPUAPI' has been exceeded. Limit: 0 in zone us-east5-c.)
[10-03 23:36:59] create mhc-exp11-7009758 (v6e-4) in us-central1-b failed: an internal error has occurred
[10-03 23:37:30] create mhc-exp11-od7064169 (v6e-8, on-demand) in us-central1-b failed: User does not have permission to submit requests for accelerator type \
[10-03 23:37:41] create mhc-exp11-od7064169 (v6e-4, on-demand) in us-central1-b failed: User does not have permission to submit requests for accelerator type \
[10-03 23:37:44] create mhc-exp11-7009758 (v6e-1) in asia-southeast1-b failed: capacity
[10-03 23:37:47] create mhc-exp11-7009761 (v6e-1) in asia-southeast1-b failed: capacity
[10-03 23:37:51] create mhc-exp11-7009760 (v6e-1) in asia-southeast1-b failed: an internal error has occurred
[10-03 23:37:56] create mhc-exp11-7009761 (v6e-1) in us-central1-a failed: capacity
[10-03 23:37:57] create mhc-exp11-7009758 (v6e-1) in us-central1-a failed: capacity
[10-03 23:37:59] create mhc-exp11-7009760 (v6e-1) in us-south1-a failed: capacity
[10-03 23:38:23] create mhc-exp11-7009760 (v6e-1) in us-south1-c failed: an internal error has occurred
[10-03 23:38:38] v6e-d768-mhc-h1-lr7.5e-4-s1: done — exit 0 in 1979s on mhc-exp11-642934 (us-central1-b), val 3.9283, tok/s 55659, preempted 0x
[10-03 23:38:41] v6e-d768-mhc-h1-lr1.06e-3-s1: started on mhc-exp11-642934 chip 1
[10-03 23:38:58] create mhc-exp11-od7064169 (v6e-4, on-demand) in asia-southeast1-b failed: capacity
[10-03 23:39:25] create mhc-exp11-7009760 (v6e-1) in us-east5-a failed: capacity
[10-03 23:40:07] create mhc-exp11-7009760 (v6e-1) in us-east5-c failed: quota (Quota limit 'TPUV6EPreemptiblePerProjectPerZoneForTPUAPI' has been exceeded. Limit: 0 in zone us-east5-c.)
[10-03 23:40:43] create mhc-exp11-7009761 (v6e-1) in us-central1-b failed: an internal error has occurred
[10-03 23:40:45] create mhc-exp11-7009758 (v6e-1) in us-central1-b failed: an internal error has occurred
[10-03 23:40:54] create mhc-exp11-od7084871 (v6e-4, on-demand) in us-central1-c failed: capacity
[10-03 23:40:56] create mhc-exp11-7009761 (v6e-1) in us-central1-c failed: capacity
[10-03 23:41:43] create mhc-exp11-7084872 (v6e-8) in asia-southeast1-b failed: capacity
[10-03 23:42:00] create mhc-exp11-7084872 (v6e-8) in us-central1-a failed: capacity
[10-03 23:42:03] v6e-d768-a-global-h4-lr7.5e-4-s1: done — exit 0 in 1922s on mhc-exp11-642934 (us-central1-b), val 3.9236, tok/s 58649, preempted 0x
[10-03 23:42:18] v6e-d768-ctrl-mlp2240-lr7.5e-4-s1: done — exit 0 in 1983s on mhc-exp11-642934 (us-central1-b), val 3.9187, tok/s 55272, preempted 0x
[10-03 23:42:32] v6e-d768-a-local-h4-lr7.5e-4-s1: done — exit 0 in 1922s on mhc-exp11-642934 (us-central1-b), val 3.9314, tok/s 57953, preempted 0x
[10-03 23:42:45] create mhc-exp11-7084872 (v6e-8) in us-central1-b failed: quota (Quota limit 'TPUV6EPreemptiblePerProjectPerZoneForTPUAPI' has been exceeded. Limit: 16 in zone us-central1-b.)
[10-03 23:42:47] v6e-d768-a-global-h4-lr5.3e-4-s1: done — exit 0 in 1927s on mhc-exp11-642934 (us-central1-b), val 3.9593, tok/s 58047, preempted 0x
[10-03 23:42:50] v6e-d768-a-global-h4-lr1.06e-3-s1: started on mhc-exp11-642934 chip 0
[10-03 23:42:51] v6e-d768-ctrl-mlp2240-lr1.06e-3-s1: started on mhc-exp11-642934 chip 2
[10-03 23:42:53] v6e-d768-a-local-h4-lr1.06e-3-s1: started on mhc-exp11-642934 chip 5
[10-03 23:42:54] create mhc-exp11-7084872 (v6e-8) in us-central1-c failed: capacity
[10-03 23:42:55] v6e-d768-mhc-h1-lr7.5e-4-s2: started on mhc-exp11-642934 chip 6
[10-03 23:43:05] create mhc-exp11-7084872 (v6e-8) in us-south1-a failed: capacity
[10-03 23:43:06] create mhc-exp11-7097575 (v6e-8) in us-south1-a failed: capacity
[10-03 23:43:06] create mhc-exp11-od7097573 (v6e-8, on-demand) in us-central1-b failed: User does not have permission to submit requests for accelerator type \
[10-03 23:43:11] create mhc-exp11-7097574 (v6e-8) in us-south1-a failed: capacity
[10-03 23:43:17] create mhc-exp11-od7097573 (v6e-4, on-demand) in us-central1-b failed: User does not have permission to submit requests for accelerator type \
[10-03 23:43:18] create mhc-exp11-7084872 (v6e-8) in us-south1-c failed: an internal error has occurred
[10-03 23:43:19] create mhc-exp11-7097575 (v6e-8) in us-south1-c failed: an internal error has occurred
[10-03 23:44:11] create mhc-exp11-7097575 (v6e-4) in us-central1-b failed: quota (Quota limit 'TPUV6EPreemptiblePerProjectPerZoneForTPUAPI' has been exceeded. Limit: 16 in zone us-central1-b.)
[10-03 23:44:13] v6e-d768-mhc-h1-lr5.3e-4-s1: done — exit 0 in 2061s on mhc-exp11-642934 (us-central1-b), val 3.9564, tok/s 53121, preempted 0x
[10-03 23:44:35] v6e-d768-a-global-h4-lr7.5e-4-s2: started on mhc-exp11-642934 chip 4
[10-03 23:44:35] status: 46/186 done, 128 queued, 12 running on 2 VMs, spent $42.57
[10-03 23:44:37] create mhc-exp11-7097574 (v6e-8) in us-south1-c failed: an internal error has occurred
[10-03 23:45:24] create mhc-exp11-7097574 (v6e-4) in us-south1-c failed: an internal error has occurred
[10-03 23:45:35] create mhc-exp11-7097575 (v6e-4) in us-south1-c failed: an internal error has occurred
[10-03 23:45:49] create mhc-exp11-od7113877 (v6e-8, on-demand) in us-south1-a failed: capacity
[10-03 23:45:54] create mhc-exp11-od7113877 (v6e-8, on-demand) in us-south1-c failed: capacity
[10-03 23:46:10] create mhc-exp11-7097575 (v6e-1) in asia-southeast1-b failed: capacity
[10-03 23:46:12] create mhc-exp11-7097574 (v6e-1) in asia-southeast1-b failed: capacity
[10-03 23:46:55] create mhc-exp11-7097575 (v6e-1) in us-central1-b failed: quota (Quota limit 'TPUV6EPreemptiblePerProjectPerZoneForTPUAPI' has been exceeded. Limit: 16 in zone us-central1-b.)
[10-03 23:47:19] create mhc-exp11-7097575 (v6e-1) in us-south1-c failed: an internal error has occurred
[10-03 23:47:36] create mhc-exp11-7097574 (v6e-1) in us-south1-c failed: an internal error has occurred
[10-03 23:49:01] create mhc-exp11-od7133080 (v6e-8, on-demand) in us-central1-b failed: User does not have permission to submit requests for accelerator type \
[10-03 23:49:10] create mhc-exp11-od7133080 (v6e-4, on-demand) in us-central1-b failed: User does not have permission to submit requests for accelerator type \
[10-03 23:49:13] create mhc-exp11-7084872 (v6e-4) in us-central1-b failed: an internal error has occurred
[10-03 23:49:23] create mhc-exp11-7084872 (v6e-4) in us-central1-c failed: capacity
[10-03 23:49:28] create mhc-exp11-7084872 (v6e-4) in us-south1-a failed: capacity
[10-03 23:50:00] create mhc-exp11-od7139581 (v6e-8, on-demand) in us-central1-a failed: capacity
[10-03 23:50:06] create mhc-exp11-od7139581 (v6e-8, on-demand) in us-central1-c failed: capacity
[10-03 23:50:44] create mhc-exp11-7097574 (v6e-1) in us-east5-b failed: capacity
[10-03 23:50:49] create mhc-exp11-7097575 (v6e-1) in us-east5-b failed: capacity
[10-03 23:50:51] create mhc-exp11-7084872 (v6e-1) in us-east5-b failed: capacity
[10-03 23:51:23] create mhc-exp11-7145885 (v6e-8) in us-south1-c failed: an internal error has occurred
[10-03 23:51:23] create mhc-exp11-7145882 (v6e-8) in us-south1-c failed: an internal error has occurred
[10-03 23:51:43] create mhc-exp11-od7145884 (v6e-8, on-demand) in asia-southeast1-b failed: capacity
[10-03 23:51:56] create mhc-exp11-od7145884 (v6e-4, on-demand) in us-central1-a failed: capacity
[10-03 23:52:01] create mhc-exp11-od7145884 (v6e-4, on-demand) in us-south1-a failed: capacity
[10-03 23:52:06] create mhc-exp11-od7145884 (v6e-4, on-demand) in us-south1-c failed: capacity
[10-03 23:52:25] create mhc-exp11-7145882 (v6e-8) in us-east5-a failed: capacity
[10-03 23:52:26] create mhc-exp11-7145885 (v6e-8) in us-east5-a failed: capacity
[10-03 23:52:40] create mhc-exp11-7145883 (v6e-8) in us-south1-c failed: an internal error has occurred
[10-03 23:52:54] adopted mhc-exp11-642934 (us-central1-b): running ['v6e-d768-a-global-h4-lr1.06e-3-s1', 'v6e-d768-a-global-h4-lr7.5e-4-s2', 'v6e-d768-a-local-h4-lr1.06e-3-s1', 'v6e-d768-a-local-h4-lr5.3e-4-s0', 'v6e-d768-a-local-h4-lr5.3e-4-s1', 'v6e-d768-ctrl-mlp2240-lr1.06e-3-s1', 'v6e-d768-mhc-h1-lr1.06e-3-s1', 'v6e-d768-mhc-h1-lr7.5e-4-s2']
[10-03 23:52:56] adopted mhc-exp11-6862534 (us-central1-b): running ['v6e-d768-a-global-h4-lr1.06e-3-s0', 'v6e-d768-ctrl-mlp2240-lr1.06e-3-s0', 'v6e-d768-ctrl-mlp2240-lr5.3e-4-s1', 'v6e-d768-mhc-h1-lr1.06e-3-s0']
[10-03 23:53:16] status: 46/171 done, 113 queued, 12 running on 2 VMs, spent $44.42
[10-03 23:53:26] create mhc-exp11-od715961 (v6e-8, on-demand) in us-central1-a failed: capacity
[10-03 23:53:34] create mhc-exp11-od715961 (v6e-8, on-demand) in us-central1-b failed: User does not have permission to submit requests for accelerator type \
[10-03 23:53:40] create mhc-exp11-od715961 (v6e-8, on-demand) in us-central1-c failed: capacity
[10-03 23:53:50] create mhc-exp11-od715961 (v6e-8, on-demand) in us-south1-a failed: capacity
[10-03 23:53:55] create mhc-exp11-od715961 (v6e-8, on-demand) in us-south1-c failed: capacity
[10-03 23:54:31] v6e-d768-a-local-h4-lr5.3e-4-s0: done — exit 0 in 2165s on mhc-exp11-642934 (us-central1-b), val 3.9914, tok/s 51446, preempted 0x
[10-03 23:54:34] v6e-d768-ctrl-mlp2240-lr7.5e-4-s2: started on mhc-exp11-642934 chip 7
[10-03 23:54:34] create mhc-exp11-715964 (v6e-8) in asia-southeast1-b failed: capacity
[10-03 23:54:34] create mhc-exp11-715963 (v6e-8) in asia-southeast1-b failed: capacity
[10-03 23:54:53] create mhc-exp11-od715961 (v6e-8, on-demand) in asia-southeast1-b failed: capacity
[10-03 23:54:54] create mhc-exp11-715962 (v6e-8) in asia-southeast1-b failed: capacity
[10-03 23:54:59] create mhc-exp11-od715961 (v6e-4, on-demand) in us-south1-a failed: capacity
[10-03 23:55:00] create mhc-exp11-715962 (v6e-8) in us-south1-a failed: capacity
[10-03 23:55:03] create mhc-exp11-od715961 (v6e-4, on-demand) in us-south1-c failed: capacity
[10-03 23:55:07] create mhc-exp11-715964 (v6e-8) in us-central1-a failed: capacity
[10-03 23:55:08] create mhc-exp11-715963 (v6e-8) in us-central1-a failed: capacity
[10-03 23:55:24] create mhc-exp11-715962 (v6e-8) in us-south1-c failed: an internal error has occurred
[10-03 23:55:46] create mhc-exp11-od715961 (v6e-4, on-demand) in asia-southeast1-b failed: capacity
[10-03 23:55:48] v6e-d768-a-global-h4-lr1.06e-3-s0: done — exit 0 in 2171s on mhc-exp11-6862534 (us-central1-b), val 3.9489, tok/s 51227, preempted 0x
[10-03 23:55:52] create mhc-exp11-715963 (v6e-8) in us-central1-b failed: quota (Quota limit 'TPUV6EPreemptiblePerProjectPerZoneForTPUAPI' has been exceeded. Limit: 16 in zone us-central1-b.)
[10-03 23:55:53] create mhc-exp11-715964 (v6e-8) in us-central1-b failed: quota (Quota limit 'TPUV6EPreemptiblePerProjectPerZoneForTPUAPI' has been exceeded. Limit: 16 in zone us-central1-b.)
[10-03 23:55:57] create mhc-exp11-715963 (v6e-8) in us-central1-c failed: capacity
[10-03 23:56:01] v6e-d768-ctrl-mlp2240-lr1.06e-3-s0: done — exit 0 in 2179s on mhc-exp11-6862534 (us-central1-b), val 3.9654, tok/s 50974, preempted 0x
[10-03 23:56:01] create mhc-exp11-715964 (v6e-8) in us-central1-c failed: capacity
[10-03 23:56:14] v6e-d768-ctrl-mlp2240-lr5.3e-4-s1: done — exit 0 in 2192s on mhc-exp11-6862534 (us-central1-b), val 3.9446, tok/s 50707, preempted 0x
[10-03 23:56:27] v6e-d768-mhc-h1-lr1.06e-3-s0: done — exit 0 in 2185s on mhc-exp11-6862534 (us-central1-b), val 3.9490, tok/s 50799, preempted 0x
[10-03 23:56:27] create mhc-exp11-715962 (v6e-8) in us-east5-a failed: capacity
[10-03 23:56:28] create mhc-exp11-715963 (v6e-8) in us-east5-a failed: capacity
[10-03 23:56:30] v6e-d768-a-local-h4-lr7.5e-4-s2: started on mhc-exp11-6862534 chip 0
[10-03 23:56:31] v6e-d768-mhc-h1-lr5.3e-4-s2: started on mhc-exp11-6862534 chip 1
[10-03 23:56:32] v6e-d768-a-global-h4-lr5.3e-4-s2: started on mhc-exp11-6862534 chip 2
[10-03 23:56:34] v6e-d768-ctrl-mlp2240-lr5.3e-4-s2: started on mhc-exp11-6862534 chip 3
[10-03 23:56:42] create mhc-exp11-od717945 (v6e-4, on-demand) in us-central1-a failed: capacity
[10-03 23:56:50] create mhc-exp11-od717945 (v6e-4, on-demand) in us-central1-b failed: User does not have permission to submit requests for accelerator type \
[10-03 23:56:59] create mhc-exp11-od717945 (v6e-4, on-demand) in us-central1-c failed: capacity
[10-03 23:57:48] create mhc-exp11-715964 (v6e-8) in us-east5-a failed: capacity
[10-03 23:58:50] create mhc-exp11-od719217 (v6e-8, on-demand) in us-central1-b failed: User does not have permission to submit requests for accelerator type \
[10-03 23:58:50] create mhc-exp11-715962 (v6e-8) in us-east5-b failed: capacity
[10-03 23:58:51] create mhc-exp11-715963 (v6e-8) in us-east5-b failed: capacity
[10-03 23:59:37] create mhc-exp11-715963 (v6e-8) in us-east5-c failed: quota (Quota limit 'TPUV6EPreemptiblePerProjectPerZoneForTPUAPI' has been exceeded. Limit: 0 in zone us-east5-c.)
[10-03 23:59:38] create mhc-exp11-715962 (v6e-8) in us-east5-c failed: quota (Quota limit 'TPUV6EPreemptiblePerProjectPerZoneForTPUAPI' has been exceeded. Limit: 0 in zone us-east5-c.)
[10-04 00:00:10] create mhc-exp11-715963 (v6e-4) in asia-southeast1-b failed: capacity
[10-04 00:00:12] create mhc-exp11-715962 (v6e-4) in asia-southeast1-b failed: capacity
[10-04 00:00:35] create mhc-exp11-715963 (v6e-4) in us-central1-a failed: capacity
[10-04 00:00:37] create mhc-exp11-715962 (v6e-4) in us-central1-a failed: capacity
[10-04 00:01:16] create mhc-exp11-715962 (v6e-4) in us-central1-b failed: quota (Quota limit 'TPUV6EPreemptiblePerProjectPerZoneForTPUAPI' has been exceeded. Limit: 16 in zone us-central1-b.)
[10-04 00:01:25] create mhc-exp11-715962 (v6e-4) in us-central1-c failed: capacity
[10-04 00:01:34] create mhc-exp11-715962 (v6e-4) in us-south1-a failed: capacity
[10-04 00:01:40] create mhc-exp11-715964 (v6e-8) in us-east5-b failed: capacity
[10-04 00:01:59] create mhc-exp11-od7211010 (v6e-4, on-demand) in us-central1-b failed: User does not have permission to submit requests for accelerator type \
[10-04 00:02:20] create mhc-exp11-715962 (v6e-4) in us-south1-c failed: an internal error has occurred
[10-04 00:02:41] create mhc-exp11-715964 (v6e-4) in us-south1-c failed: an internal error has occurred
[10-04 00:03:43] create mhc-exp11-715964 (v6e-4) in us-east5-a failed: capacity
[10-04 00:03:44] create mhc-exp11-715962 (v6e-4) in us-east5-a failed: capacity
[10-04 00:04:16] create mhc-exp11-715964 (v6e-4) in us-east5-b failed: capacity
[10-04 00:04:21] create mhc-exp11-od7225612 (v6e-8, on-demand) in us-central1-b failed: User does not have permission to submit requests for accelerator type \
[10-04 00:04:29] create mhc-exp11-715962 (v6e-4) in us-east5-b failed: capacity
[10-04 00:04:59] create mhc-exp11-715964 (v6e-4) in us-east5-c failed: quota (Quota limit 'TPUV6EPreemptiblePerProjectPerZoneForTPUAPI' has been exceeded. Limit: 0 in zone us-east5-c.)
[10-04 00:05:12] create mhc-exp11-715962 (v6e-4) in us-east5-c failed: quota (Quota limit 'TPUV6EPreemptiblePerProjectPerZoneForTPUAPI' has been exceeded. Limit: 0 in zone us-east5-c.)
[10-04 00:05:44] create mhc-exp11-715964 (v6e-1) in asia-southeast1-b failed: capacity
[10-04 00:05:46] create mhc-exp11-715962 (v6e-1) in asia-southeast1-b failed: capacity
[10-04 00:05:51] create mhc-exp11-715962 (v6e-1) in us-south1-a failed: capacity
[10-04 00:06:05] create mhc-exp11-715963 (v6e-4) in us-central1-b failed: an internal error has occurred
[10-04 00:06:08] create mhc-exp11-715964 (v6e-1) in us-central1-a failed: capacity
[10-04 00:06:24] create mhc-exp11-715962 (v6e-1) in us-south1-c failed: an internal error has occurred
[10-04 00:06:41] create mhc-exp11-715963 (v6e-1) in us-central1-a failed: capacity
[10-04 00:06:48] create mhc-exp11-715962 (v6e-1) in us-east5-a failed: capacity
[10-04 00:08:28] status: 51/171 done, 108 queued, 12 running on 2 VMs, spent $47.65
[10-04 00:09:41] create mhc-exp11-od7257217 (v6e-8, on-demand) in us-south1-a failed: capacity
[10-04 00:09:47] create mhc-exp11-od7257217 (v6e-8, on-demand) in us-south1-c failed: capacity
[10-04 00:09:54] create mhc-exp11-715962 (v6e-1) in us-east5-b failed: capacity
[10-04 00:10:29] create mhc-exp11-715963 (v6e-1) in us-central1-b failed: an internal error has occurred
[10-04 00:10:35] create mhc-exp11-715963 (v6e-1) in us-central1-c failed: capacity
[10-04 00:10:38] create mhc-exp11-715964 (v6e-1) in us-central1-b failed: an internal error has occurred
[10-04 00:10:45] create mhc-exp11-715962 (v6e-1) in us-east5-c failed: quota (Quota limit 'TPUV6EPreemptiblePerProjectPerZoneForTPUAPI' has been exceeded. Limit: 0 in zone us-east5-c.)
[10-04 00:11:16] create mhc-exp11-715963 (v6e-1) in us-east5-c failed: quota (Quota limit 'TPUV6EPreemptiblePerProjectPerZoneForTPUAPI' has been exceeded. Limit: 0 in zone us-east5-c.)
[10-04 00:11:19] create mhc-exp11-od7263518 (v6e-8, on-demand) in asia-southeast1-b failed: capacity
[10-04 00:11:23] create mhc-exp11-715964 (v6e-1) in us-east5-c failed: quota (Quota limit 'TPUV6EPreemptiblePerProjectPerZoneForTPUAPI' has been exceeded. Limit: 0 in zone us-east5-c.)
[10-04 00:11:27] create mhc-exp11-od7263518 (v6e-4, on-demand) in us-central1-b failed: User does not have permission to submit requests for accelerator type \
[10-04 00:11:34] create mhc-exp11-od7263518 (v6e-4, on-demand) in us-south1-a failed: capacity
[10-04 00:11:39] create mhc-exp11-od7263518 (v6e-4, on-demand) in us-south1-c failed: capacity
[10-04 00:11:50] v6e-d768-a-local-h4-lr5.3e-4-s1: done — exit 0 in 1995s on mhc-exp11-642934 (us-central1-b), val 3.9859, tok/s 56605, preempted 0x
[10-04 00:11:53] v6e-d768-a-local-h4-lr5.3e-4-s2: started on mhc-exp11-642934 chip 3
[10-04 00:12:23] create mhc-exp11-od7263518 (v6e-4, on-demand) in asia-southeast1-b failed: capacity
[10-04 00:12:52] create mhc-exp11-7271320 (v6e-8) in asia-southeast1-b failed: capacity
[10-04 00:12:53] create mhc-exp11-7271319 (v6e-8) in asia-southeast1-b failed: capacity
[10-04 00:13:03] create mhc-exp11-7271320 (v6e-8) in us-central1-a failed: capacity
[10-04 00:13:06] create mhc-exp11-7271319 (v6e-8) in us-central1-a failed: capacity
[10-04 00:13:07] v6e-d768-mhc-h1-lr1.06e-3-s1: done — exit 0 in 2008s on mhc-exp11-642934 (us-central1-b), val 3.9588, tok/s 55768, preempted 0x
[10-04 00:13:10] v6e-d768-mhc-h1-lr1.06e-3-s2: started on mhc-exp11-642934 chip 1
[10-04 00:13:49] create mhc-exp11-7271320 (v6e-8) in us-central1-b failed: quota (Quota limit 'TPUV6EPreemptiblePerProjectPerZoneForTPUAPI' has been exceeded. Limit: 16 in zone us-central1-b.)
[10-04 00:13:54] create mhc-exp11-7271319 (v6e-8) in us-central1-b failed: quota (Quota limit 'TPUV6EPreemptiblePerProjectPerZoneForTPUAPI' has been exceeded. Limit: 16 in zone us-central1-b.)
[10-04 00:13:57] create mhc-exp11-7271320 (v6e-8) in us-central1-c failed: capacity
[10-04 00:14:02] create mhc-exp11-7271319 (v6e-8) in us-central1-c failed: capacity
[10-04 00:14:05] create mhc-exp11-7271320 (v6e-8) in us-south1-a failed: capacity
[10-04 00:14:06] create mhc-exp11-7271321 (v6e-8) in asia-southeast1-b failed: capacity
[10-04 00:14:07] create mhc-exp11-7271319 (v6e-8) in us-south1-a failed: capacity
[10-04 00:14:18] create mhc-exp11-od7285323 (v6e-8, on-demand) in us-central1-a failed: capacity
[10-04 00:14:25] create mhc-exp11-7271321 (v6e-8) in us-south1-c failed: an internal error has occurred
[10-04 00:14:26] create mhc-exp11-od7285323 (v6e-8, on-demand) in us-central1-b failed: User does not have permission to submit requests for accelerator type \
[10-04 00:14:30] create mhc-exp11-7271320 (v6e-8) in us-south1-c failed: an internal error has occurred
[10-04 00:14:37] create mhc-exp11-od7285323 (v6e-8, on-demand) in us-central1-c failed: capacity
[10-04 00:14:45] create mhc-exp11-od7285323 (v6e-4, on-demand) in us-central1-a failed: capacity
[10-04 00:14:51] create mhc-exp11-od7285323 (v6e-4, on-demand) in us-central1-c failed: capacity
[10-04 00:15:13] create mhc-exp11-7271321 (v6e-8) in us-east5-a failed: capacity
[10-04 00:15:16] create mhc-exp11-7271320 (v6e-8) in us-east5-a failed: capacity
[10-04 00:15:40] create mhc-exp11-7271319 (v6e-8) in us-south1-c failed: an internal error has occurred
[10-04 00:15:54] create mhc-exp11-7271321 (v6e-8) in us-east5-c failed: quota (Quota limit 'TPUV6EPreemptiblePerProjectPerZoneForTPUAPI' has been exceeded. Limit: 0 in zone us-east5-c.)
[10-04 00:15:56] create mhc-exp11-7271320 (v6e-8) in us-east5-c failed: quota (Quota limit 'TPUV6EPreemptiblePerProjectPerZoneForTPUAPI' has been exceeded. Limit: 0 in zone us-east5-c.)
[10-04 00:16:24] create mhc-exp11-7271319 (v6e-8) in us-east5-c failed: quota (Quota limit 'TPUV6EPreemptiblePerProjectPerZoneForTPUAPI' has been exceeded. Limit: 0 in zone us-east5-c.)
[10-04 00:16:51] create mhc-exp11-7271321 (v6e-4) in asia-southeast1-b failed: capacity
[10-04 00:16:51] v6e-d768-a-global-h4-lr1.06e-3-s1: done — exit 0 in 1917s on mhc-exp11-642934 (us-central1-b), val 3.9362, tok/s 58429, preempted 0x
[10-04 00:16:54] create mhc-exp11-7271320 (v6e-4) in asia-southeast1-b failed: capacity
[10-04 00:16:54] v6e-d768-a-global-h4-lr1.06e-3-s2: started on mhc-exp11-642934 chip 0
[10-04 00:17:10] create mhc-exp11-7271321 (v6e-4) in us-central1-a failed: capacity
[10-04 00:17:12] create mhc-exp11-7271320 (v6e-4) in us-central1-a failed: capacity
[10-04 00:17:21] create mhc-exp11-7271319 (v6e-4) in asia-southeast1-b failed: capacity
[10-04 00:17:26] create mhc-exp11-7271319 (v6e-4) in us-south1-a failed: capacity
[10-04 00:17:57] create mhc-exp11-7271320 (v6e-4) in us-central1-b failed: quota (Quota limit 'TPUV6EPreemptiblePerProjectPerZoneForTPUAPI' has been exceeded. Limit: 16 in zone us-central1-b.)
[10-04 00:18:05] create mhc-exp11-7271320 (v6e-4) in us-central1-c failed: capacity
[10-04 00:18:09] v6e-d768-ctrl-mlp2240-lr1.06e-3-s1: done — exit 0 in 1983s on mhc-exp11-642934 (us-central1-b), val 3.9381, tok/s 55779, preempted 0x
[10-04 00:18:22] create mhc-exp11-7271320 (v6e-4) in us-south1-c failed: an internal error has occurred
[10-04 00:18:22] v6e-d768-mhc-h1-lr7.5e-4-s2: done — exit 0 in 1981s on mhc-exp11-642934 (us-central1-b), val 3.9493, tok/s 55713, preempted 0x
[10-04 00:18:25] v6e-d768-ctrl-mlp2240-lr1.06e-3-s2: started on mhc-exp11-642934 chip 2
[10-04 00:18:26] v6e-d768-a-local-h4-lr1.06e-3-s2: started on mhc-exp11-642934 chip 6
[10-04 00:18:28] create mhc-exp11-7271319 (v6e-4) in us-south1-c failed: an internal error has occurred
[10-04 00:19:11] create mhc-exp11-7271320 (v6e-1) in us-central1-b failed: quota (Quota limit 'TPUV6EPreemptiblePerProjectPerZoneForTPUAPI' has been exceeded. Limit: 16 in zone us-central1-b.)
[10-04 00:19:31] create mhc-exp11-7271319 (v6e-1) in us-south1-c failed: an internal error has occurred
[10-04 00:19:42] v6e-d768-a-global-h4-lr7.5e-4-s2: done — exit 0 in 1886s on mhc-exp11-642934 (us-central1-b), val 3.9557, tok/s 59047, preempted 0x
[10-04 00:19:45] v6e-d768-a-local-h4-s0: started on mhc-exp11-642934 chip 4
[10-04 00:19:51] create mhc-exp11-od7318528 (v6e-8, on-demand) in us-central1-b failed: User does not have permission to submit requests for accelerator type \
[10-04 00:19:55] create mhc-exp11-7271321 (v6e-4) in us-central1-b failed: an internal error has occurred
[10-04 00:20:01] create mhc-exp11-od7318528 (v6e-4, on-demand) in us-central1-b failed: User does not have permission to submit requests for accelerator type \
[10-04 00:20:28] create mhc-exp11-7271321 (v6e-4) in us-east5-a failed: capacity
[10-04 00:20:39] create mhc-exp11-7271320 (v6e-1) in us-south1-c failed: an internal error has occurred
[10-04 00:20:59] v6e-d768-a-local-h4-lr1.06e-3-s1: done — exit 0 in 2090s on mhc-exp11-642934 (us-central1-b), val 3.9673, tok/s 52915, preempted 0x
[10-04 00:21:02] v6e-d768-mhc-h1-lr2.1e-3-s0: started on mhc-exp11-642934 chip 5
[10-04 00:21:27] create mhc-exp11-7326230 (v6e-8) in us-south1-c failed: an internal error has occurred
[10-04 00:22:09] create mhc-exp11-7326230 (v6e-8) in us-east5-b failed: quota (Quota limit 'TPUV6EPreemptiblePerProjectPerZoneForTPUAPI' has been exceeded. Limit: 16 in zone us-east5-b.)
[10-04 00:22:44] create mhc-exp11-7326230 (v6e-4) in us-east5-b failed: capacity
[10-04 00:22:51] create mhc-exp11-7271321 (v6e-4) in us-east5-b failed: capacity
[10-04 00:22:53] create mhc-exp11-7318527 (v6e-8) in us-east5-b failed: capacity
[10-04 00:23:32] create mhc-exp11-7271321 (v6e-4) in us-east5-c failed: quota (Quota limit 'TPUV6EPreemptiblePerProjectPerZoneForTPUAPI' has been exceeded. Limit: 0 in zone us-east5-c.)
[10-04 00:23:33] create mhc-exp11-7326230 (v6e-4) in us-east5-c failed: quota (Quota limit 'TPUV6EPreemptiblePerProjectPerZoneForTPUAPI' has been exceeded. Limit: 0 in zone us-east5-c.)
[10-04 00:23:39] create mhc-exp11-7318527 (v6e-4) in us-east5-c failed: quota (Quota limit 'TPUV6EPreemptiblePerProjectPerZoneForTPUAPI' has been exceeded. Limit: 0 in zone us-east5-c.)
[10-04 00:24:12] status: 58/171 done, 101 queued, 12 running on 2 VMs, spent $50.99
[10-04 00:24:24] create mhc-exp11-7318527 (v6e-1) in asia-southeast1-b failed: capacity
[10-04 00:24:29] create mhc-exp11-7271321 (v6e-1) in asia-southeast1-b failed: an internal error has occurred
[10-04 00:24:30] create mhc-exp11-7326230 (v6e-1) in asia-southeast1-b failed: capacity
[10-04 00:24:40] create mhc-exp11-7271321 (v6e-1) in us-south1-a failed: capacity
[10-04 00:24:41] create mhc-exp11-7318527 (v6e-1) in us-central1-a failed: capacity
[10-04 00:25:15] create mhc-exp11-7326230 (v6e-1) in us-central1-a failed: capacity
[10-04 00:25:23] create mhc-exp11-od7351534 (v6e-8, on-demand) in us-central1-b failed: User does not have permission to submit requests for accelerator type \
[10-04 00:25:33] create mhc-exp11-od7351534 (v6e-8, on-demand) in us-south1-a failed: capacity
[10-04 00:25:41] create mhc-exp11-od7351534 (v6e-8, on-demand) in us-south1-c failed: capacity
[10-04 00:25:44] create mhc-exp11-7271321 (v6e-1) in us-east5-a failed: capacity
[10-04 00:25:48] create mhc-exp11-7326230 (v6e-1) in us-east5-a failed: capacity
[10-04 00:25:50] create mhc-exp11-od7351534 (v6e-4, on-demand) in us-central1-b failed: User does not have permission to submit requests for accelerator type \
[10-04 00:26:04] create mhc-exp11-7318527 (v6e-1) in us-east5-a failed: capacity
[10-04 00:27:26] create mhc-exp11-od7359635 (v6e-8, on-demand) in asia-southeast1-b failed: capacity
[10-04 00:27:32] create mhc-exp11-od7359635 (v6e-4, on-demand) in us-south1-a failed: capacity
[10-04 00:27:37] create mhc-exp11-od7359635 (v6e-4, on-demand) in us-south1-c failed: capacity
[10-04 00:28:12] create mhc-exp11-7326230 (v6e-1) in us-east5-b failed: capacity
[10-04 00:28:21] create mhc-exp11-od7359635 (v6e-4, on-demand) in asia-southeast1-b failed: capacity
[10-04 00:28:27] create mhc-exp11-7318527 (v6e-1) in us-east5-b failed: capacity
[10-04 00:28:28] create mhc-exp11-7271321 (v6e-1) in us-east5-b failed: capacity
[10-04 00:28:56] create mhc-exp11-7326230 (v6e-1) in us-east5-c failed: quota (Quota limit 'TPUV6EPreemptiblePerProjectPerZoneForTPUAPI' has been exceeded. Limit: 0 in zone us-east5-c.)
[10-04 00:29:07] create mhc-exp11-7318527 (v6e-1) in us-east5-c failed: quota (Quota limit 'TPUV6EPreemptiblePerProjectPerZoneForTPUAPI' has been exceeded. Limit: 0 in zone us-east5-c.)
[10-04 00:29:07] create mhc-exp11-7271321 (v6e-1) in us-east5-c failed: quota (Quota limit 'TPUV6EPreemptiblePerProjectPerZoneForTPUAPI' has been exceeded. Limit: 0 in zone us-east5-c.)
[10-04 00:29:58] v6e-d768-ctrl-mlp2240-lr7.5e-4-s2: done — exit 0 in 2034s on mhc-exp11-642934 (us-central1-b), val 3.9517, tok/s 53752, preempted 0x
[10-04 00:30:01] v6e-d768-a-global-h4-lr2.1e-3-s0: started on mhc-exp11-642934 chip 7
[10-04 00:30:06] create mhc-exp11-od7380138 (v6e-8, on-demand) in us-central1-a failed: capacity
[10-04 00:30:12] create mhc-exp11-od7380138 (v6e-8, on-demand) in us-central1-c failed: capacity
[10-04 00:30:20] create mhc-exp11-od7380138 (v6e-4, on-demand) in us-central1-a failed: capacity
[10-04 00:30:29] create mhc-exp11-od7380138 (v6e-4, on-demand) in us-central1-c failed: capacity
[10-04 00:30:58] create mhc-exp11-7380140 (v6e-8) in asia-southeast1-b failed: capacity
[10-04 00:30:58] create mhc-exp11-7380137 (v6e-8) in asia-southeast1-b failed: capacity
[10-04 00:31:10] create mhc-exp11-7380140 (v6e-8) in us-central1-a failed: capacity
[10-04 00:31:10] create mhc-exp11-7380137 (v6e-8) in us-central1-a failed: capacity
[10-04 00:31:54] create mhc-exp11-7380137 (v6e-8) in us-central1-b failed: quota (Quota limit 'TPUV6EPreemptiblePerProjectPerZoneForTPUAPI' has been exceeded. Limit: 16 in zone us-central1-b.)
[10-04 00:31:55] create mhc-exp11-7380139 (v6e-8) in asia-southeast1-b failed: capacity
[10-04 00:31:58] create mhc-exp11-7380140 (v6e-8) in us-central1-b failed: quota (Quota limit 'TPUV6EPreemptiblePerProjectPerZoneForTPUAPI' has been exceeded. Limit: 16 in zone us-central1-b.)
[10-04 00:31:59] create mhc-exp11-7380137 (v6e-8) in us-central1-c failed: capacity
[10-04 00:32:00] create mhc-exp11-7380139 (v6e-8) in us-south1-a failed: capacity
[10-04 00:32:05] create mhc-exp11-7380137 (v6e-8) in us-south1-a failed: capacity
[10-04 00:32:06] create mhc-exp11-7380140 (v6e-8) in us-central1-c failed: capacity
[10-04 00:32:17] create mhc-exp11-od7392742 (v6e-8, on-demand) in us-central1-b failed: User does not have permission to submit requests for accelerator type \
[10-04 00:32:27] create mhc-exp11-od7392742 (v6e-4, on-demand) in us-central1-b failed: User does not have permission to submit requests for accelerator type \
[10-04 00:32:29] create mhc-exp11-7380137 (v6e-8) in us-south1-c failed: an internal error has occurred
[10-04 00:32:32] create mhc-exp11-7380139 (v6e-8) in us-south1-c failed: an internal error has occurred
[10-04 00:33:15] create mhc-exp11-7380137 (v6e-8) in us-east5-a failed: capacity
[10-04 00:33:17] create mhc-exp11-7380139 (v6e-8) in us-east5-a failed: capacity
[10-04 00:33:21] v6e-d768-mhc-h1-lr5.3e-4-s2: done — exit 0 in 2160s on mhc-exp11-6862534 (us-central1-b), val 3.9666, tok/s 51065, preempted 0x
[10-04 00:33:30] create mhc-exp11-7380140 (v6e-8) in us-south1-c failed: an internal error has occurred
[10-04 00:33:34] v6e-d768-a-global-h4-lr5.3e-4-s2: done — exit 0 in 2178s on mhc-exp11-6862534 (us-central1-b), val 3.9471, tok/s 50820, preempted 0x
[10-04 00:33:47] v6e-d768-ctrl-mlp2240-lr5.3e-4-s2: done — exit 0 in 2168s on mhc-exp11-6862534 (us-central1-b), val 3.9670, tok/s 50909, preempted 0x
[10-04 00:33:50] v6e-d768-ctrl-mlp2240-lr2.1e-3-s0: started on mhc-exp11-6862534 chip 1
[10-04 00:33:52] v6e-d768-a-local-h4-lr2.1e-3-s0: started on mhc-exp11-6862534 chip 2
[10-04 00:33:53] v6e-d768-a-local-h4-s1: started on mhc-exp11-6862534 chip 3
[10-04 00:33:57] create mhc-exp11-7380137 (v6e-8) in us-east5-c failed: quota (Quota limit 'TPUV6EPreemptiblePerProjectPerZoneForTPUAPI' has been exceeded. Limit: 0 in zone us-east5-c.)
[10-04 00:33:59] create mhc-exp11-7380139 (v6e-8) in us-east5-c failed: quota (Quota limit 'TPUV6EPreemptiblePerProjectPerZoneForTPUAPI' has been exceeded. Limit: 0 in zone us-east5-c.)
[10-04 00:34:12] create mhc-exp11-7380140 (v6e-8) in us-east5-c failed: quota (Quota limit 'TPUV6EPreemptiblePerProjectPerZoneForTPUAPI' has been exceeded. Limit: 0 in zone us-east5-c.)
[10-04 00:34:55] create mhc-exp11-7380140 (v6e-4) in asia-southeast1-b failed: capacity
[10-04 00:34:56] create mhc-exp11-7380137 (v6e-4) in asia-southeast1-b failed: capacity
[10-04 00:34:57] create mhc-exp11-7380139 (v6e-4) in asia-southeast1-b failed: an internal error has occurred
[10-04 00:35:04] create mhc-exp11-7380139 (v6e-4) in us-south1-a failed: capacity
[10-04 00:35:07] v6e-d768-a-local-h4-lr7.5e-4-s2: done — exit 0 in 2225s on mhc-exp11-6862534 (us-central1-b), val 3.9451, tok/s 49276, preempted 0x
[10-04 00:35:10] v6e-d768-mhc-h1-lr2.1e-3-s1: started on mhc-exp11-6862534 chip 0
[10-04 00:35:13] create mhc-exp11-7380137 (v6e-4) in us-central1-a failed: capacity
[10-04 00:35:13] create mhc-exp11-7380140 (v6e-4) in us-central1-a failed: capacity
[10-04 00:35:22] create mhc-exp11-7380139 (v6e-4) in us-south1-c failed: an internal error has occurred
[10-04 00:35:56] create mhc-exp11-7380140 (v6e-4) in us-central1-b failed: quota (Quota limit 'TPUV6EPreemptiblePerProjectPerZoneForTPUAPI' has been exceeded. Limit: 16 in zone us-central1-b.)
[10-04 00:36:01] create mhc-exp11-7380140 (v6e-4) in us-central1-c failed: capacity
[10-04 00:36:25] create mhc-exp11-7380139 (v6e-1) in us-south1-c failed: an internal error has occurred
[10-04 00:37:26] create mhc-exp11-7380140 (v6e-4) in us-east5-a failed: capacity
[10-04 00:38:05] create mhc-exp11-7380140 (v6e-1) in us-central1-b failed: quota (Quota limit 'TPUV6EPreemptiblePerProjectPerZoneForTPUAPI' has been exceeded. Limit: 16 in zone us-central1-b.)
[10-04 00:38:10] create mhc-exp11-7380140 (v6e-1) in us-central1-c failed: capacity
[10-04 00:38:41] create mhc-exp11-7380137 (v6e-4) in us-central1-b failed: an internal error has occurred
[10-04 00:38:50] create mhc-exp11-od7431948 (v6e-8, on-demand) in us-central1-b failed: User does not have permission to submit requests for accelerator type \
[10-04 00:38:55] create mhc-exp11-od7431948 (v6e-4, on-demand) in us-central1-b failed: User does not have permission to submit requests for accelerator type \
[10-04 00:39:27] create mhc-exp11-7431950 (v6e-8) in us-south1-c failed: an internal error has occurred
[10-04 00:39:27] create mhc-exp11-7431949 (v6e-8) in us-south1-c failed: an internal error has occurred
[10-04 00:39:42] status: 63/171 done, 96 queued, 12 running on 2 VMs, spent $54.28
[10-04 00:39:45] create mhc-exp11-7380137 (v6e-4) in us-east5-b failed: capacity
[10-04 00:40:30] create mhc-exp11-7380137 (v6e-4) in us-east5-c failed: quota (Quota limit 'TPUV6EPreemptiblePerProjectPerZoneForTPUAPI' has been exceeded. Limit: 0 in zone us-east5-c.)
[10-04 00:40:54] create mhc-exp11-od7444552 (v6e-8, on-demand) in us-south1-a failed: capacity
[10-04 00:40:59] create mhc-exp11-od7444552 (v6e-8, on-demand) in us-south1-c failed: capacity
[10-04 00:41:45] create mhc-exp11-7380137 (v6e-1) in asia-southeast1-b failed: capacity
[10-04 00:42:12] create mhc-exp11-7431950 (v6e-8) in us-east5-b failed: capacity
[10-04 00:42:14] create mhc-exp11-7431949 (v6e-8) in us-east5-b failed: capacity
[10-04 00:42:19] create mhc-exp11-7380137 (v6e-1) in us-central1-a failed: capacity
[10-04 00:42:24] create mhc-exp11-7380137 (v6e-1) in us-south1-a failed: capacity
[10-04 00:42:55] create mhc-exp11-7431950 (v6e-4) in asia-southeast1-b failed: capacity
[10-04 00:42:58] create mhc-exp11-7431949 (v6e-4) in asia-southeast1-b failed: capacity
[10-04 00:43:29] create mhc-exp11-7431950 (v6e-4) in us-south1-c failed: an internal error has occurred
[10-04 00:43:31] create mhc-exp11-7431949 (v6e-4) in us-south1-c failed: an internal error has occurred
[10-04 00:43:45] create mhc-exp11-7380137 (v6e-1) in us-south1-c failed: an internal error has occurred
[10-04 00:44:08] create mhc-exp11-od7457254 (v6e-8, on-demand) in asia-southeast1-b failed: capacity
[10-04 00:44:18] create mhc-exp11-od7457254 (v6e-4, on-demand) in us-central1-b failed: User does not have permission to submit requests for accelerator type \
[10-04 00:44:24] create mhc-exp11-od7457254 (v6e-4, on-demand) in us-south1-a failed: capacity
[10-04 00:44:29] create mhc-exp11-od7457254 (v6e-4, on-demand) in us-south1-c failed: capacity
[10-04 00:44:33] create mhc-exp11-7431950 (v6e-1) in us-south1-c failed: an internal error has occurred
[10-04 00:44:34] create mhc-exp11-7431949 (v6e-1) in us-south1-c failed: an internal error has occurred
[10-04 00:44:48] create mhc-exp11-7380137 (v6e-1) in us-east5-a failed: capacity
[10-04 00:45:30] create mhc-exp11-od7457254 (v6e-4, on-demand) in asia-southeast1-b failed: capacity
[10-04 00:45:55] create mhc-exp11-7431950 (v6e-1) in us-east5-a failed: capacity
[10-04 00:45:57] create mhc-exp11-7431949 (v6e-1) in us-east5-a failed: capacity
[10-04 00:46:09] create mhc-exp11-od7476155 (v6e-8, on-demand) in us-central1-a failed: capacity
[10-04 00:46:17] create mhc-exp11-od7476155 (v6e-8, on-demand) in us-central1-b failed: User does not have permission to submit requests for accelerator type \
[10-04 00:46:28] create mhc-exp11-od7476155 (v6e-8, on-demand) in us-central1-c failed: capacity
[10-04 00:46:36] create mhc-exp11-od7476155 (v6e-4, on-demand) in us-central1-a failed: capacity
[10-04 00:46:41] create mhc-exp11-od7476155 (v6e-4, on-demand) in us-central1-c failed: capacity
[10-04 00:47:16] v6e-d768-a-local-h4-lr5.3e-4-s2: done — exit 0 in 1998s on mhc-exp11-642934 (us-central1-b), val 3.9759, tok/s 55852, preempted 0x
[10-04 00:47:19] v6e-d768-a-global-h4-lr2.1e-3-s1: started on mhc-exp11-642934 chip 3
[10-04 00:47:54] create mhc-exp11-7380137 (v6e-1) in us-east5-b failed: capacity
[10-04 00:47:59] create mhc-exp11-7431949 (v6e-1) in us-east5-b failed: capacity
[10-04 00:48:00] create mhc-exp11-7431950 (v6e-1) in us-east5-b failed: capacity
[10-04 00:48:34] v6e-d768-mhc-h1-lr1.06e-3-s2: done — exit 0 in 2028s on mhc-exp11-642934 (us-central1-b), val 3.9426, tok/s 54544, preempted 0x
[10-04 00:48:39] create mhc-exp11-7380137 (v6e-1) in us-east5-c failed: quota (Quota limit 'TPUV6EPreemptiblePerProjectPerZoneForTPUAPI' has been exceeded. Limit: 0 in zone us-east5-c.)
[10-04 00:48:47] create mhc-exp11-7431949 (v6e-1) in us-east5-c failed: quota (Quota limit 'TPUV6EPreemptiblePerProjectPerZoneForTPUAPI' has been exceeded. Limit: 0 in zone us-east5-c.)
[10-04 00:48:49] create mhc-exp11-7431950 (v6e-1) in us-east5-c failed: quota (Quota limit 'TPUV6EPreemptiblePerProjectPerZoneForTPUAPI' has been exceeded. Limit: 0 in zone us-east5-c.)
[10-04 00:48:53] v6e-d768-ctrl-mlp2240-lr2.1e-3-s1: started on mhc-exp11-642934 chip 1
[10-04 00:49:52] create mhc-exp11-7493360 (v6e-8) in asia-southeast1-b failed: capacity
[10-04 00:50:04] create mhc-exp11-od7499661 (v6e-4, on-demand) in us-central1-b failed: User does not have permission to submit requests for accelerator type \
[10-04 00:50:10] create mhc-exp11-7493357 (v6e-8) in asia-southeast1-b failed: capacity
[10-04 00:50:25] create mhc-exp11-7493360 (v6e-8) in us-central1-a failed: capacity
[10-04 00:50:31] create mhc-exp11-7493358 (v6e-8) in asia-southeast1-b failed: capacity
[10-04 00:50:36] create mhc-exp11-7493358 (v6e-8) in us-south1-a failed: capacity
[10-04 00:50:54] create mhc-exp11-7493357 (v6e-8) in us-central1-a failed: capacity
[10-04 00:51:06] create mhc-exp11-7493360 (v6e-8) in us-central1-b failed: quota (Quota limit 'TPUV6EPreemptiblePerProjectPerZoneForTPUAPI' has been exceeded. Limit: 16 in zone us-central1-b.)
[10-04 00:51:14] create mhc-exp11-7493360 (v6e-8) in us-central1-c failed: capacity
[10-04 00:51:27] create mhc-exp11-7493360 (v6e-8) in us-south1-c failed: an internal error has occurred
[10-04 00:51:35] create mhc-exp11-7493357 (v6e-8) in us-central1-b failed: quota (Quota limit 'TPUV6EPreemptiblePerProjectPerZoneForTPUAPI' has been exceeded. Limit: 16 in zone us-central1-b.)
[10-04 00:51:38] create mhc-exp11-7493358 (v6e-8) in us-south1-c failed: an internal error has occurred
[10-04 00:52:00] create mhc-exp11-7493357 (v6e-8) in us-east5-a failed: capacity
[10-04 00:52:03] create mhc-exp11-7493360 (v6e-8) in us-east5-a failed: capacity
[10-04 00:52:11] create mhc-exp11-od7512263 (v6e-8, on-demand) in us-central1-b failed: User does not have permission to submit requests for accelerator type \
[10-04 00:52:46] create mhc-exp11-7493360 (v6e-8) in us-east5-c failed: quota (Quota limit 'TPUV6EPreemptiblePerProjectPerZoneForTPUAPI' has been exceeded. Limit: 0 in zone us-east5-c.)
[10-04 00:52:47] create mhc-exp11-7493357 (v6e-8) in us-east5-c failed: quota (Quota limit 'TPUV6EPreemptiblePerProjectPerZoneForTPUAPI' has been exceeded. Limit: 0 in zone us-east5-c.)
[10-04 00:53:02] create mhc-exp11-7493358 (v6e-8) in us-east5-a failed: capacity
[10-04 00:53:11] create mhc-exp11-7493358 (v6e-4) in us-south1-a failed: capacity
[10-04 00:53:19] create mhc-exp11-7493360 (v6e-4) in us-central1-a failed: capacity
[10-04 00:53:20] create mhc-exp11-7493357 (v6e-4) in us-central1-a failed: capacity
[10-04 00:53:29] create mhc-exp11-7493358 (v6e-4) in us-south1-c failed: an internal error has occurred
[10-04 00:54:06] create mhc-exp11-7493357 (v6e-4) in us-central1-b failed: quota (Quota limit 'TPUV6EPreemptiblePerProjectPerZoneForTPUAPI' has been exceeded. Limit: 16 in zone us-central1-b.)
[10-04 00:54:14] create mhc-exp11-7493357 (v6e-4) in us-central1-c failed: capacity
[10-04 00:54:16] create mhc-exp11-7493358 (v6e-4) in us-east5-a failed: capacity
[10-04 00:54:21] v6e-d768-a-global-h4-lr1.06e-3-s2: done — exit 0 in 2039s on mhc-exp11-642934 (us-central1-b), val 3.9414, tok/s 55071, preempted 0x
[10-04 00:54:34] v6e-d768-ctrl-mlp2240-lr1.06e-3-s2: done — exit 0 in 1978s on mhc-exp11-642934 (us-central1-b), val 3.9442, tok/s 55648, preempted 0x
[10-04 00:54:47] v6e-d768-a-local-h4-s0: done — exit 0 in 1911s on mhc-exp11-642934 (us-central1-b), val 4.0962, tok/s 58116, preempted 0x
[10-04 00:54:50] v6e-d768-a-local-h4-lr2.1e-3-s1: started on mhc-exp11-642934 chip 0
[10-04 00:54:51] v6e-d768-mhc-h1-s2: started on mhc-exp11-642934 chip 2
[10-04 00:54:52] v6e-d768-a-global-h4-s2: started on mhc-exp11-642934 chip 4
[10-04 00:54:52] status: 68/171 done, 91 queued, 12 running on 2 VMs, spent $57.51
[10-04 00:55:04] create mhc-exp11-7493358 (v6e-1) in us-central1-b failed: quota (Quota limit 'TPUV6EPreemptiblePerProjectPerZoneForTPUAPI' has been exceeded. Limit: 16 in zone us-central1-b.)
[10-04 00:55:09] create mhc-exp11-7493358 (v6e-1) in us-central1-c failed: capacity
[10-04 00:55:13] create mhc-exp11-7493357 (v6e-4) in us-east5-a failed: capacity
[10-04 00:55:30] create mhc-exp11-7493358 (v6e-1) in us-south1-c failed: an internal error has occurred
[10-04 00:56:01] create mhc-exp11-od7535666 (v6e-8, on-demand) in us-south1-a failed: capacity
[10-04 00:56:06] create mhc-exp11-od7535666 (v6e-8, on-demand) in us-south1-c failed: capacity
[10-04 00:56:13] create mhc-exp11-od7535666 (v6e-4, on-demand) in us-central1-b failed: User does not have permission to submit requests for accelerator type \
[10-04 00:56:34] create mhc-exp11-7493357 (v6e-4) in us-east5-b failed: capacity
[10-04 00:57:10] v6e-d768-a-local-h4-lr1.06e-3-s2: done — exit 0 in 2188s on mhc-exp11-642934 (us-central1-b), val 3.9550, tok/s 50995, preempted 0x
[10-04 00:57:19] create mhc-exp11-7493357 (v6e-4) in us-east5-c failed: quota (Quota limit 'TPUV6EPreemptiblePerProjectPerZoneForTPUAPI' has been exceeded. Limit: 0 in zone us-east5-c.)
[10-04 00:57:23] v6e-d768-mhc-h1-lr2.1e-3-s0: done — exit 0 in 2042s on mhc-exp11-642934 (us-central1-b), val 4.7345, tok/s 53732, preempted 0x
[10-04 00:57:26] v6e-d768-ctrl-mlp2240-s2: started on mhc-exp11-642934 chip 5
[10-04 00:57:27] v6e-d768-a-local-h4-s2: started on mhc-exp11-642934 chip 6
[10-04 00:57:37] create mhc-exp11-od7544768 (v6e-8, on-demand) in us-central1-b failed: User does not have permission to submit requests for accelerator type \
[10-04 00:58:06] create mhc-exp11-7493357 (v6e-1) in asia-southeast1-b failed: capacity
[10-04 00:58:57] adopted mhc-exp11-642934 (us-central1-b): running ['v6e-d768-a-global-h4-lr2.1e-3-s0', 'v6e-d768-a-global-h4-lr2.1e-3-s1', 'v6e-d768-a-global-h4-s2', 'v6e-d768-a-local-h4-lr2.1e-3-s1', 'v6e-d768-a-local-h4-s2', 'v6e-d768-ctrl-mlp2240-lr2.1e-3-s1', 'v6e-d768-ctrl-mlp2240-s2', 'v6e-d768-mhc-h1-s2']
[10-04 00:58:59] adopted mhc-exp11-6862534 (us-central1-b): running ['v6e-d768-a-local-h4-lr2.1e-3-s0', 'v6e-d768-a-local-h4-s1', 'v6e-d768-ctrl-mlp2240-lr2.1e-3-s0', 'v6e-d768-mhc-h1-lr2.1e-3-s1']
[10-04 00:59:20] status: 70/181 done, 99 queued, 12 running on 2 VMs, spent $58.45
[10-04 00:59:26] create mhc-exp11-od755601 (v6e-8, on-demand) in us-central1-a failed: capacity
[10-04 00:59:31] create mhc-exp11-od755601 (v6e-8, on-demand) in us-central1-b failed: User does not have permission to submit requests for accelerator type \
[10-04 00:59:41] create mhc-exp11-od755601 (v6e-8, on-demand) in us-central1-c failed: capacity
[10-04 00:59:53] create mhc-exp11-od755601 (v6e-8, on-demand) in us-south1-a failed: capacity
[10-04 00:59:58] create mhc-exp11-od755601 (v6e-8, on-demand) in us-south1-c failed: capacity
[10-04 01:00:05] create mhc-exp11-755603 (v6e-8) in asia-southeast1-b failed: capacity
[10-04 01:00:06] create mhc-exp11-755602 (v6e-8) in asia-southeast1-b failed: capacity
[10-04 01:00:18] create mhc-exp11-755603 (v6e-8) in us-central1-a failed: capacity
[10-04 01:00:28] create mhc-exp11-755604 (v6e-8) in asia-southeast1-b failed: capacity
[10-04 01:00:37] create mhc-exp11-755604 (v6e-8) in us-south1-a failed: capacity
[10-04 01:00:52] create mhc-exp11-755602 (v6e-8) in us-central1-a failed: capacity
[10-04 01:00:58] create mhc-exp11-755603 (v6e-8) in us-central1-b failed: quota (Quota limit 'TPUV6EPreemptiblePerProjectPerZoneForTPUAPI' has been exceeded. Limit: 16 in zone us-central1-b.)
[10-04 01:01:07] create mhc-exp11-755603 (v6e-8) in us-central1-c failed: capacity
[10-04 01:01:13] create mhc-exp11-od755601 (v6e-8, on-demand) in asia-southeast1-b failed: capacity
[10-04 01:01:18] create mhc-exp11-od755601 (v6e-4, on-demand) in us-central1-a failed: capacity
[10-04 01:01:26] create mhc-exp11-od755601 (v6e-4, on-demand) in us-central1-b failed: User does not have permission to submit requests for accelerator type \
[10-04 01:01:31] create mhc-exp11-755603 (v6e-8) in us-south1-c failed: an internal error has occurred
[10-04 01:01:34] create mhc-exp11-od755601 (v6e-4, on-demand) in us-central1-c failed: capacity
[10-04 01:01:39] create mhc-exp11-od755601 (v6e-4, on-demand) in us-south1-a failed: capacity
[10-04 01:01:39] create mhc-exp11-755602 (v6e-8) in us-central1-b failed: quota (Quota limit 'TPUV6EPreemptiblePerProjectPerZoneForTPUAPI' has been exceeded. Limit: 16 in zone us-central1-b.)
[10-04 01:01:40] create mhc-exp11-755604 (v6e-8) in us-south1-c failed: an internal error has occurred
[10-04 01:01:47] create mhc-exp11-od755601 (v6e-4, on-demand) in us-south1-c failed: capacity
[10-04 01:02:23] create mhc-exp11-od755601 (v6e-4, on-demand) in asia-southeast1-b failed: capacity
[10-04 01:02:24] create mhc-exp11-755604 (v6e-8) in us-east5-a failed: quota (Quota limit 'TPUV6EPreemptiblePerProjectPerZoneForTPUAPI' has been exceeded. Limit: 16 in zone us-east5-a.)
[10-04 01:02:35] create mhc-exp11-755603 (v6e-8) in us-east5-a failed: capacity
[10-04 01:02:39] create mhc-exp11-755602 (v6e-8) in us-east5-a failed: capacity
[10-04 01:03:27] create mhc-exp11-755602 (v6e-8) in us-east5-b failed: quota (Quota limit 'TPUV6EPreemptiblePerProjectPerZoneForTPUAPI' has been exceeded. Limit: 16 in zone us-east5-b.)
[10-04 01:04:06] create mhc-exp11-755602 (v6e-8) in us-east5-c failed: quota (Quota limit 'TPUV6EPreemptiblePerProjectPerZoneForTPUAPI' has been exceeded. Limit: 0 in zone us-east5-c.)
[10-04 01:04:47] v6e-d768-a-global-h4-lr2.1e-3-s0: done — exit 0 in 1961s on mhc-exp11-642934 (us-central1-b), val 4.7933, tok/s 56655, preempted 0x
[10-04 01:04:50] v6e-d768-mhc-h1-lr7.5e-4-s3: started on mhc-exp11-642934 chip 7
[10-04 01:04:59] create mhc-exp11-od758907 (v6e-8, on-demand) in us-central1-b failed: User does not have permission to submit requests for accelerator type \
[10-04 01:05:06] create mhc-exp11-755602 (v6e-4) in asia-southeast1-b failed: capacity
[10-04 01:05:14] create mhc-exp11-755602 (v6e-4) in us-central1-a failed: capacity
[10-04 01:06:21] create mhc-exp11-755603 (v6e-8) in us-east5-b failed: capacity
[10-04 01:06:30] create mhc-exp11-755604 (v6e-8) in us-east5-b failed: capacity
[10-04 01:06:35] create mhc-exp11-755604 (v6e-4) in us-south1-a failed: capacity
[10-04 01:07:09] create mhc-exp11-755603 (v6e-4) in us-central1-b failed: quota (Quota limit 'TPUV6EPreemptiblePerProjectPerZoneForTPUAPI' has been exceeded. Limit: 16 in zone us-central1-b.)
[10-04 01:07:17] create mhc-exp11-755603 (v6e-4) in us-central1-c failed: capacity
[10-04 01:07:36] create mhc-exp11-755604 (v6e-4) in us-south1-c failed: an internal error has occurred
[10-04 01:08:11] create mhc-exp11-od7608010 (v6e-4, on-demand) in us-central1-b failed: User does not have permission to submit requests for accelerator type \
[10-04 01:08:44] create mhc-exp11-755603 (v6e-4) in us-south1-c failed: an internal error has occurred
[10-04 01:08:59] create mhc-exp11-755604 (v6e-4) in us-east5-a failed: capacity
[10-04 01:10:03] create mhc-exp11-755602 (v6e-4) in us-central1-b failed: an internal error has occurred
[10-04 01:10:08] create mhc-exp11-755603 (v6e-4) in us-east5-a failed: capacity
[10-04 01:10:37] create mhc-exp11-od7622712 (v6e-8, on-demand) in us-central1-b failed: User does not have permission to submit requests for accelerator type \
[10-04 01:11:41] v6e-d768-a-local-h4-lr2.1e-3-s0: done — exit 0 in 2202s on mhc-exp11-6862534 (us-central1-b), val 4.7975, tok/s 49761, preempted 0x
[10-04 01:11:43] create mhc-exp11-755604 (v6e-4) in us-east5-b failed: capacity
[10-04 01:11:49] create mhc-exp11-755602 (v6e-4) in us-east5-b failed: capacity
[10-04 01:11:50] create mhc-exp11-755603 (v6e-4) in us-east5-b failed: capacity
[10-04 01:11:55] v6e-d768-a-local-h4-s1: done — exit 0 in 2180s on mhc-exp11-6862534 (us-central1-b), val 4.0702, tok/s 50330, preempted 0x
[10-04 01:12:07] v6e-d768-ctrl-mlp2240-lr2.1e-3-s0: done — exit 0 in 2169s on mhc-exp11-6862534 (us-central1-b), val 4.8406, tok/s 50494, preempted 0x
[10-04 01:12:20] v6e-d768-mhc-h1-lr2.1e-3-s1: done — exit 0 in 2154s on mhc-exp11-6862534 (us-central1-b), val 4.8254, tok/s 50775, preempted 0x
[10-04 01:12:23] v6e-d768-a-global-h4-lr1.06e-3-s3: started on mhc-exp11-6862534 chip 0
[10-04 01:12:24] v6e-d768-ctrl-mlp2240-lr7.5e-4-s3: started on mhc-exp11-6862534 chip 1
[10-04 01:12:25] create mhc-exp11-755604 (v6e-4) in us-east5-c failed: quota (Quota limit 'TPUV6EPreemptiblePerProjectPerZoneForTPUAPI' has been exceeded. Limit: 0 in zone us-east5-c.)
[10-04 01:12:26] v6e-d768-a-local-h4-lr7.5e-4-s3: started on mhc-exp11-6862534 chip 2
[10-04 01:12:28] v6e-d768-mhc-h1-lr7.5e-4-s4: started on mhc-exp11-6862534 chip 3
[10-04 01:12:34] create mhc-exp11-755603 (v6e-4) in us-east5-c failed: quota (Quota limit 'TPUV6EPreemptiblePerProjectPerZoneForTPUAPI' has been exceeded. Limit: 0 in zone us-east5-c.)
[10-04 01:12:35] create mhc-exp11-755602 (v6e-4) in us-east5-c failed: quota (Quota limit 'TPUV6EPreemptiblePerProjectPerZoneForTPUAPI' has been exceeded. Limit: 0 in zone us-east5-c.)
[10-04 01:13:37] create mhc-exp11-od7641114 (v6e-4, on-demand) in us-central1-b failed: User does not have permission to submit requests for accelerator type \
[10-04 01:13:44] create mhc-exp11-755604 (v6e-1) in asia-southeast1-b failed: capacity
[10-04 01:13:49] create mhc-exp11-755603 (v6e-1) in asia-southeast1-b failed: capacity
[10-04 01:13:51] create mhc-exp11-755602 (v6e-1) in asia-southeast1-b failed: capacity
[10-04 01:13:56] create mhc-exp11-755602 (v6e-1) in us-south1-a failed: capacity
[10-04 01:14:23] create mhc-exp11-755603 (v6e-1) in us-central1-a failed: capacity
[10-04 01:14:29] create mhc-exp11-755604 (v6e-1) in us-central1-a failed: capacity
[10-04 01:14:30] create mhc-exp11-755602 (v6e-1) in us-south1-c failed: an internal error has occurred
[10-04 01:14:35] status: 75/181 done, 94 queued, 12 running on 2 VMs, spent $61.70
[10-04 01:15:43] create mhc-exp11-od7653816 (v6e-8, on-demand) in us-south1-a failed: capacity
[10-04 01:15:50] create mhc-exp11-od7653816 (v6e-8, on-demand) in us-south1-c failed: capacity
[10-04 01:15:56] create mhc-exp11-755602 (v6e-1) in us-east5-a failed: capacity
[10-04 01:17:17] create mhc-exp11-755602 (v6e-1) in us-east5-b failed: capacity
[10-04 01:17:33] create mhc-exp11-od7660117 (v6e-8, on-demand) in asia-southeast1-b failed: capacity
[10-04 01:17:38] create mhc-exp11-od7660117 (v6e-4, on-demand) in us-south1-a failed: capacity
[10-04 01:17:44] create mhc-exp11-od7660117 (v6e-4, on-demand) in us-south1-c failed: capacity
[10-04 01:18:03] create mhc-exp11-755602 (v6e-1) in us-east5-c failed: quota (Quota limit 'TPUV6EPreemptiblePerProjectPerZoneForTPUAPI' has been exceeded. Limit: 0 in zone us-east5-c.)
[10-04 01:18:28] create mhc-exp11-od7660117 (v6e-4, on-demand) in asia-southeast1-b failed: capacity
[10-04 01:19:33] create mhc-exp11-7672818 (v6e-8) in asia-southeast1-b failed: capacity
[10-04 01:19:40] create mhc-exp11-7672818 (v6e-8) in us-south1-a failed: capacity
[10-04 01:20:37] create mhc-exp11-755603 (v6e-1) in us-central1-b failed: an internal error has occurred
[10-04 01:20:43] create mhc-exp11-755604 (v6e-1) in us-central1-b failed: an internal error has occurred
[10-04 01:20:43] create mhc-exp11-7672818 (v6e-8) in us-south1-c failed: an internal error has occurred
[10-04 01:20:46] create mhc-exp11-755603 (v6e-1) in us-central1-c failed: capacity
[10-04 01:20:51] create mhc-exp11-755604 (v6e-1) in us-central1-c failed: capacity
[10-04 01:21:21] create mhc-exp11-od7687521 (v6e-8, on-demand) in us-central1-a failed: capacity
[10-04 01:21:27] create mhc-exp11-od7687521 (v6e-8, on-demand) in us-central1-b failed: User does not have permission to submit requests for accelerator type \
[10-04 01:21:34] create mhc-exp11-755603 (v6e-1) in us-south1-c failed: an internal error has occurred
[10-04 01:21:36] create mhc-exp11-od7687521 (v6e-8, on-demand) in us-central1-c failed: capacity
[10-04 01:21:39] create mhc-exp11-755604 (v6e-1) in us-south1-c failed: an internal error has occurred
[10-04 01:21:42] create mhc-exp11-od7687521 (v6e-4, on-demand) in us-central1-a failed: capacity
[10-04 01:21:53] create mhc-exp11-od7687521 (v6e-4, on-demand) in us-central1-b failed: User does not have permission to submit requests for accelerator type \
[10-04 01:22:03] create mhc-exp11-od7687521 (v6e-4, on-demand) in us-central1-c failed: capacity
[10-04 01:22:06] create mhc-exp11-7672818 (v6e-8) in us-east5-a failed: capacity
[10-04 01:22:30] v6e-d768-a-global-h4-lr2.1e-3-s1: done — exit 0 in 1950s on mhc-exp11-642934 (us-central1-b), val 4.8052, tok/s 57074, preempted 0x
[10-04 01:22:33] v6e-d768-a-global-h4-lr1.06e-3-s4: started on mhc-exp11-642934 chip 3
[10-04 01:22:49] create mhc-exp11-7695322 (v6e-8) in us-central1-a failed: capacity
[10-04 01:22:50] create mhc-exp11-7695323 (v6e-8) in us-central1-a failed: capacity
[10-04 01:23:35] create mhc-exp11-7695322 (v6e-8) in us-central1-b failed: quota (Quota limit 'TPUV6EPreemptiblePerProjectPerZoneForTPUAPI' has been exceeded. Limit: 16 in zone us-central1-b.)
[10-04 01:23:44] create mhc-exp11-7695322 (v6e-8) in us-central1-c failed: capacity
[10-04 01:23:46] create mhc-exp11-7695323 (v6e-8) in us-central1-b failed: quota (Quota limit 'TPUV6EPreemptiblePerProjectPerZoneForTPUAPI' has been exceeded. Limit: 16 in zone us-central1-b.)
[10-04 01:23:47] v6e-d768-ctrl-mlp2240-lr2.1e-3-s1: done — exit 0 in 2021s on mhc-exp11-642934 (us-central1-b), val 4.6777, tok/s 54255, preempted 0x
[10-04 01:23:50] v6e-d768-ctrl-mlp2240-lr7.5e-4-s4: started on mhc-exp11-642934 chip 1
[10-04 01:24:31] create mhc-exp11-7695323 (v6e-8) in us-east5-b failed: quota (Quota limit 'TPUV6EPreemptiblePerProjectPerZoneForTPUAPI' has been exceeded. Limit: 16 in zone us-east5-b.)
[10-04 01:24:52] create mhc-exp11-7672818 (v6e-8) in us-east5-b failed: capacity
[10-04 01:25:09] create mhc-exp11-7695322 (v6e-8) in us-east5-b failed: capacity
[10-04 01:25:17] create mhc-exp11-7695323 (v6e-8) in us-east5-c failed: quota (Quota limit 'TPUV6EPreemptiblePerProjectPerZoneForTPUAPI' has been exceeded. Limit: 0 in zone us-east5-c.)
[10-04 01:25:30] create mhc-exp11-7672818 (v6e-8) in us-east5-c failed: quota (Quota limit 'TPUV6EPreemptiblePerProjectPerZoneForTPUAPI' has been exceeded. Limit: 0 in zone us-east5-c.)
[10-04 01:26:02] create mhc-exp11-7695323 (v6e-4) in asia-southeast1-b failed: capacity
[10-04 01:26:27] create mhc-exp11-7695323 (v6e-4) in us-central1-a failed: capacity
[10-04 01:26:35] create mhc-exp11-7695322 (v6e-8) in us-east5-c failed: quota (Quota limit 'TPUV6EPreemptiblePerProjectPerZoneForTPUAPI' has been exceeded. Limit: 0 in zone us-east5-c.)
[10-04 01:26:46] create mhc-exp11-7672818 (v6e-4) in asia-southeast1-b failed: capacity
[10-04 01:26:54] create mhc-exp11-7672818 (v6e-4) in us-south1-a failed: capacity
[10-04 01:27:32] create mhc-exp11-7695322 (v6e-4) in us-central1-b failed: quota (Quota limit 'TPUV6EPreemptiblePerProjectPerZoneForTPUAPI' has been exceeded. Limit: 16 in zone us-central1-b.)
[10-04 01:27:35] create mhc-exp11-7672818 (v6e-4) in us-south1-c failed: an internal error has occurred
[10-04 01:27:37] create mhc-exp11-7695322 (v6e-4) in us-central1-c failed: capacity
[10-04 01:28:14] create mhc-exp11-od7728329 (v6e-8, on-demand) in us-central1-b failed: User does not have permission to submit requests for accelerator type \
[10-04 01:28:25] create mhc-exp11-od7728329 (v6e-4, on-demand) in us-central1-b failed: User does not have permission to submit requests for accelerator type \
[10-04 01:28:59] create mhc-exp11-7672818 (v6e-4) in us-east5-a failed: capacity
[10-04 01:29:00] create mhc-exp11-7695322 (v6e-4) in us-east5-a failed: capacity
[10-04 01:29:54] create mhc-exp11-7695323 (v6e-4) in us-central1-b failed: an internal error has occurred
[10-04 01:30:22] v6e-d768-a-local-h4-lr2.1e-3-s1: done — exit 0 in 1945s on mhc-exp11-642934 (us-central1-b), val 4.6492, tok/s 57177, preempted 0x
[10-04 01:30:35] v6e-d768-mhc-h1-s2: done — exit 0 in 1972s on mhc-exp11-642934 (us-central1-b), val 4.0731, tok/s 56422, preempted 0x
[10-04 01:30:38] v6e-d768-a-local-h4-lr7.5e-4-s4: started on mhc-exp11-642934 chip 0
[10-04 01:30:39] v6e-d768-a-global-h4-lr7.5e-4-s3: started on mhc-exp11-642934 chip 2
[10-04 01:30:39] status: 79/181 done, 90 queued, 12 running on 2 VMs, spent $65.11
[10-04 01:31:02] create mhc-exp11-7695322 (v6e-4) in us-east5-b failed: capacity
[10-04 01:31:02] create mhc-exp11-7672818 (v6e-4) in us-east5-b failed: capacity
[10-04 01:31:18] create mhc-exp11-7695323 (v6e-4) in us-east5-b failed: capacity
[10-04 01:31:54] v6e-d768-a-global-h4-s2: done — exit 0 in 1985s on mhc-exp11-642934 (us-central1-b), val 3.9854, tok/s 56581, preempted 0x
[10-04 01:31:55] create mhc-exp11-7672818 (v6e-4) in us-east5-c failed: quota (Quota limit 'TPUV6EPreemptiblePerProjectPerZoneForTPUAPI' has been exceeded. Limit: 0 in zone us-east5-c.)
[10-04 01:31:57] create mhc-exp11-7695322 (v6e-4) in us-east5-c failed: quota (Quota limit 'TPUV6EPreemptiblePerProjectPerZoneForTPUAPI' has been exceeded. Limit: 0 in zone us-east5-c.)
[10-04 01:31:58] create mhc-exp11-7695323 (v6e-4) in us-east5-c failed: quota (Quota limit 'TPUV6EPreemptiblePerProjectPerZoneForTPUAPI' has been exceeded. Limit: 0 in zone us-east5-c.)
[10-04 01:32:09] v6e-d768-ctrl-mlp2240-s2: done — exit 0 in 2000s on mhc-exp11-642934 (us-central1-b), val 4.1255, tok/s 54715, preempted 0x
[10-04 01:32:24] v6e-d768-a-global-h4-lr7.5e-4-s4: started on mhc-exp11-642934 chip 4
[10-04 01:32:25] v6e-d768-mhc-h1-lr2.1e-3-s2: started on mhc-exp11-642934 chip 5
[10-04 01:32:30] create mhc-exp11-od7754532 (v6e-8, on-demand) in us-south1-a failed: capacity
[10-04 01:32:32] create mhc-exp11-7695323 (v6e-1) in asia-southeast1-b failed: an internal error has occurred
[10-04 01:32:33] create mhc-exp11-7672818 (v6e-1) in asia-southeast1-b failed: capacity
[10-04 01:32:35] create mhc-exp11-od7754532 (v6e-8, on-demand) in us-south1-c failed: capacity
[10-04 01:32:44] create mhc-exp11-7695322 (v6e-1) in asia-southeast1-b failed: capacity
[10-04 01:32:55] create mhc-exp11-7695322 (v6e-1) in us-south1-a failed: capacity
[10-04 01:32:58] create mhc-exp11-7672818 (v6e-1) in us-central1-a failed: capacity
[10-04 01:32:59] create mhc-exp11-7695323 (v6e-1) in us-central1-a failed: capacity
[10-04 01:33:29] create mhc-exp11-7695322 (v6e-1) in us-south1-c failed: an internal error has occurred
[10-04 01:33:40] v6e-d768-a-local-h4-s2: done — exit 0 in 2071s on mhc-exp11-642934 (us-central1-b), val 4.0403, tok/s 53848, preempted 0x
[10-04 01:33:42] v6e-d768-a-global-h4-lr2.1e-3-s2: started on mhc-exp11-642934 chip 6
[10-04 01:33:50] create mhc-exp11-od7754532 (v6e-8, on-demand) in asia-southeast1-b failed: capacity
[10-04 01:33:55] create mhc-exp11-od7754532 (v6e-4, on-demand) in us-south1-a failed: capacity
[10-04 01:33:56] create mhc-exp11-7695322 (v6e-1) in us-east5-a failed: capacity
[10-04 01:34:00] create mhc-exp11-od7754532 (v6e-4, on-demand) in us-south1-c failed: capacity
[10-04 01:35:17] create mhc-exp11-od7754532 (v6e-4, on-demand) in asia-southeast1-b failed: capacity
[10-04 01:37:42] create mhc-exp11-7695322 (v6e-1) in us-east5-b failed: capacity
[10-04 01:38:26] create mhc-exp11-7695322 (v6e-1) in us-east5-c failed: quota (Quota limit 'TPUV6EPreemptiblePerProjectPerZoneForTPUAPI' has been exceeded. Limit: 0 in zone us-east5-c.)
[10-04 01:39:36] create mhc-exp11-7793936 (v6e-8) in asia-southeast1-b failed: capacity
[10-04 01:39:44] create mhc-exp11-7793936 (v6e-8) in us-south1-a failed: capacity
[10-04 01:39:53] create mhc-exp11-7695323 (v6e-1) in us-central1-b failed: an internal error has occurred
[10-04 01:39:59] create mhc-exp11-7695323 (v6e-1) in us-central1-c failed: capacity
[10-04 01:40:14] v6e-d768-mhc-h1-lr7.5e-4-s3: done — exit 0 in 2041s on mhc-exp11-642934 (us-central1-b), val 3.9231, tok/s 53987, preempted 0x
[10-04 01:40:14] create mhc-exp11-7672818 (v6e-1) in us-central1-b failed: an internal error has occurred
[10-04 01:40:16] v6e-d768-ctrl-mlp2240-lr2.1e-3-s2: started on mhc-exp11-642934 chip 7
[10-04 01:40:27] create mhc-exp11-od7801638 (v6e-8, on-demand) in us-central1-a failed: capacity
[10-04 01:40:34] create mhc-exp11-7695323 (v6e-1) in us-south1-c failed: an internal error has occurred
[10-04 01:40:35] create mhc-exp11-od7801638 (v6e-8, on-demand) in us-central1-b failed: User does not have permission to submit requests for accelerator type \
[10-04 01:40:41] create mhc-exp11-od7801638 (v6e-8, on-demand) in us-central1-c failed: capacity
[10-04 01:40:46] create mhc-exp11-7793936 (v6e-8) in us-south1-c failed: an internal error has occurred
[10-04 01:40:47] create mhc-exp11-od7801638 (v6e-4, on-demand) in us-central1-a failed: capacity
[10-04 01:40:55] create mhc-exp11-od7801638 (v6e-4, on-demand) in us-central1-b failed: User does not have permission to submit requests for accelerator type \
[10-04 01:41:04] create mhc-exp11-od7801638 (v6e-4, on-demand) in us-central1-c failed: capacity
[10-04 01:41:20] create mhc-exp11-7793936 (v6e-8) in us-east5-a failed: capacity
[10-04 01:41:56] create mhc-exp11-7672818 (v6e-1) in us-south1-c failed: an internal error has occurred
[10-04 01:42:55] create mhc-exp11-7816141 (v6e-8) in us-central1-a failed: capacity
[10-04 01:43:05] create mhc-exp11-7808039 (v6e-8) in us-central1-a failed: an internal error has occurred
[10-04 01:43:36] create mhc-exp11-7816141 (v6e-8) in us-central1-b failed: quota (Quota limit 'TPUV6EPreemptiblePerProjectPerZoneForTPUAPI' has been exceeded. Limit: 16 in zone us-central1-b.)
[10-04 01:43:41] create mhc-exp11-7816141 (v6e-8) in us-central1-c failed: capacity
[10-04 01:43:50] create mhc-exp11-7808039 (v6e-8) in us-central1-b failed: quota (Quota limit 'TPUV6EPreemptiblePerProjectPerZoneForTPUAPI' has been exceeded. Limit: 16 in zone us-central1-b.)
[10-04 01:44:05] create mhc-exp11-7793936 (v6e-8) in us-east5-b failed: capacity
[10-04 01:44:49] create mhc-exp11-7793936 (v6e-8) in us-east5-c failed: quota (Quota limit 'TPUV6EPreemptiblePerProjectPerZoneForTPUAPI' has been exceeded. Limit: 0 in zone us-east5-c.)
[10-04 01:45:46] create mhc-exp11-7793936 (v6e-4) in asia-southeast1-b failed: capacity
[10-04 01:45:51] status: 83/181 done, 86 queued, 12 running on 2 VMs, spent $68.34
[10-04 01:45:56] create mhc-exp11-od7835145 (v6e-8, on-demand) in us-central1-b failed: User does not have permission to submit requests for accelerator type \
[10-04 01:46:02] create mhc-exp11-od7835145 (v6e-4, on-demand) in us-central1-b failed: User does not have permission to submit requests for accelerator type \
[10-04 01:46:30] create mhc-exp11-7793936 (v6e-4) in us-central1-a failed: capacity
[10-04 01:47:07] create mhc-exp11-7808039 (v6e-8) in us-east5-b failed: capacity
[10-04 01:47:08] create mhc-exp11-7816141 (v6e-8) in us-east5-b failed: capacity
[10-04 01:47:14] create mhc-exp11-7816141 (v6e-4) in us-south1-a failed: capacity
[10-04 01:47:39] create mhc-exp11-7816141 (v6e-4) in us-south1-c failed: an internal error has occurred
[10-04 01:47:52] create mhc-exp11-7808039 (v6e-4) in us-central1-b failed: quota (Quota limit 'TPUV6EPreemptiblePerProjectPerZoneForTPUAPI' has been exceeded. Limit: 16 in zone us-central1-b.)
[10-04 01:48:00] create mhc-exp11-7808039 (v6e-4) in us-central1-c failed: capacity
[10-04 01:48:05] create mhc-exp11-od7847747 (v6e-8, on-demand) in us-south1-a failed: capacity
[10-04 01:48:10] create mhc-exp11-od7847747 (v6e-8, on-demand) in us-south1-c failed: capacity
[10-04 01:48:41] create mhc-exp11-7816141 (v6e-4) in us-east5-a failed: capacity
[10-04 01:48:45] create mhc-exp11-7808039 (v6e-4) in us-east5-a failed: capacity
[10-04 01:49:14] v6e-d768-a-global-h4-lr1.06e-3-s3: done — exit 0 in 2166s on mhc-exp11-6862534 (us-central1-b), val 3.9328, tok/s 51139, preempted 0x
[10-04 01:49:27] v6e-d768-ctrl-mlp2240-lr7.5e-4-s3: done — exit 0 in 2158s on mhc-exp11-6862534 (us-central1-b), val 3.9216, tok/s 50819, preempted 0x
[10-04 01:49:40] v6e-d768-mhc-h1-lr7.5e-4-s4: done — exit 0 in 2179s on mhc-exp11-6862534 (us-central1-b), val 3.9522, tok/s 50591, preempted 0x
[10-04 01:49:43] v6e-d768-a-local-h4-lr2.1e-3-s2: started on mhc-exp11-6862534 chip 0
[10-04 01:49:44] v6e-mhc-h1-lrhalf-s0: started on mhc-exp11-6862534 chip 1
[10-04 01:49:45] v6e-a-global-h4-lrhalf-s0: started on mhc-exp11-6862534 chip 3
[10-04 01:50:03] create mhc-exp11-7816141 (v6e-4) in us-east5-b failed: capacity
[10-04 01:50:06] create mhc-exp11-7808039 (v6e-4) in us-east5-b failed: capacity
[10-04 01:50:17] create mhc-exp11-7793936 (v6e-4) in us-central1-b failed: an internal error has occurred
[10-04 01:50:45] create mhc-exp11-7808039 (v6e-4) in us-east5-c failed: quota (Quota limit 'TPUV6EPreemptiblePerProjectPerZoneForTPUAPI' has been exceeded. Limit: 0 in zone us-east5-c.)
[10-04 01:50:46] create mhc-exp11-od7858548 (v6e-8, on-demand) in asia-southeast1-b failed: capacity
[10-04 01:50:51] create mhc-exp11-7816141 (v6e-4) in us-east5-c failed: quota (Quota limit 'TPUV6EPreemptiblePerProjectPerZoneForTPUAPI' has been exceeded. Limit: 0 in zone us-east5-c.)
[10-04 01:50:52] create mhc-exp11-od7858548 (v6e-4, on-demand) in us-south1-a failed: capacity
[10-04 01:50:58] create mhc-exp11-od7858548 (v6e-4, on-demand) in us-south1-c failed: capacity
[10-04 01:51:00] v6e-d768-a-local-h4-lr7.5e-4-s3: done — exit 0 in 2189s on mhc-exp11-6862534 (us-central1-b), val 3.9671, tok/s 50451, preempted 0x
[10-04 01:51:02] create mhc-exp11-7793936 (v6e-4) in us-east5-c failed: quota (Quota limit 'TPUV6EPreemptiblePerProjectPerZoneForTPUAPI' has been exceeded. Limit: 0 in zone us-east5-c.)
[10-04 01:51:03] v6e-ctrl-mlp1216-lrhalf-s0: started on mhc-exp11-6862534 chip 2
[10-04 01:51:35] create mhc-exp11-7816141 (v6e-1) in asia-southeast1-b failed: capacity
[10-04 01:51:41] create mhc-exp11-od7858548 (v6e-4, on-demand) in asia-southeast1-b failed: an internal error has occurred
[10-04 01:51:44] create mhc-exp11-7808039 (v6e-1) in asia-southeast1-b failed: an internal error has occurred
[10-04 01:51:45] create mhc-exp11-7793936 (v6e-1) in asia-southeast1-b failed: capacity
[10-04 01:51:51] create mhc-exp11-7808039 (v6e-1) in us-south1-a failed: capacity
[10-04 01:51:55] create mhc-exp11-7816141 (v6e-1) in us-central1-a failed: capacity
[10-04 01:52:31] create mhc-exp11-7793936 (v6e-1) in us-central1-a failed: capacity
[10-04 01:52:37] create mhc-exp11-7808039 (v6e-1) in us-south1-c failed: an internal error has occurred
[10-04 01:53:04] create mhc-exp11-7808039 (v6e-1) in us-east5-a failed: capacity
[10-04 01:54:55] create mhc-exp11-7793936 (v6e-1) in us-central1-b failed: an internal error has occurred
[10-04 01:55:23] create mhc-exp11-7816141 (v6e-1) in us-central1-b failed: an internal error has occurred
[10-04 01:55:45] create mhc-exp11-7816141 (v6e-1) in us-central1-c failed: capacity
[10-04 01:56:17] create mhc-exp11-7816141 (v6e-1) in us-east5-b failed: capacity
[10-04 01:56:20] create mhc-exp11-7793936 (v6e-1) in us-east5-b failed: capacity
[10-04 01:56:31] create mhc-exp11-7808039 (v6e-1) in us-east5-b failed: capacity
[10-04 01:56:47] create mhc-exp11-od7899853 (v6e-8, on-demand) in us-central1-a failed: capacity
[10-04 01:56:52] create mhc-exp11-od7899853 (v6e-8, on-demand) in us-central1-b failed: User does not have permission to submit requests for accelerator type \
[10-04 01:57:00] create mhc-exp11-7816141 (v6e-1) in us-east5-c failed: quota (Quota limit 'TPUV6EPreemptiblePerProjectPerZoneForTPUAPI' has been exceeded. Limit: 0 in zone us-east5-c.)
[10-04 01:57:02] create mhc-exp11-od7899853 (v6e-8, on-demand) in us-central1-c failed: capacity
[10-04 01:57:15] create mhc-exp11-od7899853 (v6e-4, on-demand) in us-central1-a failed: capacity
[10-04 01:57:17] create mhc-exp11-7793936 (v6e-1) in us-east5-c failed: quota (Quota limit 'TPUV6EPreemptiblePerProjectPerZoneForTPUAPI' has been exceeded. Limit: 0 in zone us-east5-c.)
[10-04 01:57:20] create mhc-exp11-7808039 (v6e-1) in us-east5-c failed: quota (Quota limit 'TPUV6EPreemptiblePerProjectPerZoneForTPUAPI' has been exceeded. Limit: 0 in zone us-east5-c.)
[10-04 01:57:21] create mhc-exp11-od7899853 (v6e-4, on-demand) in us-central1-b failed: User does not have permission to submit requests for accelerator type \
[10-04 01:57:31] create mhc-exp11-od7899853 (v6e-4, on-demand) in us-central1-c failed: capacity
[10-04 01:57:53] v6e-d768-a-global-h4-lr1.06e-3-s4: done — exit 0 in 1981s on mhc-exp11-642934 (us-central1-b), val 3.9297, tok/s 56974, preempted 0x
[10-04 01:57:56] v6e-a-local-h4-lrhalf-s0: started on mhc-exp11-642934 chip 3
[10-04 01:58:08] create mhc-exp11-od7899853 (v6e-4, on-demand) in asia-southeast1-b failed: capacity
[10-04 01:58:24] create mhc-exp11-7907656 (v6e-8) in us-central1-a failed: capacity
[10-04 01:58:32] create mhc-exp11-7907656 (v6e-8) in us-south1-a failed: capacity
[10-04 01:58:44] create mhc-exp11-7907654 (v6e-8) in asia-southeast1-b failed: capacity
[10-04 01:58:53] create mhc-exp11-7907654 (v6e-8) in us-central1-c failed: capacity
[10-04 01:58:55] create mhc-exp11-7907655 (v6e-8) in asia-southeast1-b failed: capacity
[10-04 01:59:11] v6e-d768-ctrl-mlp2240-lr7.5e-4-s4: done — exit 0 in 2050s on mhc-exp11-642934 (us-central1-b), val 3.9267, tok/s 53495, preempted 0x
[10-04 01:59:14] v6e-mhc-h1-lr0.7x-s0: started on mhc-exp11-642934 chip 1
[10-04 01:59:36] create mhc-exp11-7907656 (v6e-8) in us-south1-c failed: an internal error has occurred
[10-04 01:59:38] create mhc-exp11-7907654 (v6e-8) in us-south1-c failed: an internal error has occurred
[10-04 01:59:46] create mhc-exp11-7907655 (v6e-8) in us-central1-b failed: quota (Quota limit 'TPUV6EPreemptiblePerProjectPerZoneForTPUAPI' has been exceeded. Limit: 16 in zone us-central1-b.)
[10-04 02:00:13] create mhc-exp11-7907654 (v6e-8) in us-east5-a failed: capacity
[10-04 02:00:22] create mhc-exp11-7907656 (v6e-8) in us-east5-a failed: capacity
[10-04 02:01:01] create mhc-exp11-7907654 (v6e-8) in us-east5-c failed: quota (Quota limit 'TPUV6EPreemptiblePerProjectPerZoneForTPUAPI' has been exceeded. Limit: 0 in zone us-east5-c.)
[10-04 02:01:10] create mhc-exp11-7907656 (v6e-8) in us-east5-c failed: quota (Quota limit 'TPUV6EPreemptiblePerProjectPerZoneForTPUAPI' has been exceeded. Limit: 0 in zone us-east5-c.)
[10-04 02:01:20] status: 89/181 done, 80 queued, 12 running on 2 VMs, spent $71.63
[10-04 02:01:27] create mhc-exp11-7907655 (v6e-8) in us-east5-a failed: capacity
[10-04 02:01:46] create mhc-exp11-7907654 (v6e-4) in asia-southeast1-b failed: capacity
[10-04 02:02:13] create mhc-exp11-7907655 (v6e-4) in asia-southeast1-b failed: capacity
[10-04 02:02:22] create mhc-exp11-7907655 (v6e-4) in us-central1-a failed: capacity
[10-04 02:02:24] create mhc-exp11-7907656 (v6e-4) in asia-southeast1-b failed: capacity
[10-04 02:02:30] create mhc-exp11-7907656 (v6e-4) in us-south1-a failed: capacity
[10-04 02:02:31] create mhc-exp11-7907654 (v6e-4) in us-central1-a failed: capacity
[10-04 02:03:21] create mhc-exp11-7907654 (v6e-4) in us-central1-b failed: quota (Quota limit 'TPUV6EPreemptiblePerProjectPerZoneForTPUAPI' has been exceeded. Limit: 16 in zone us-central1-b.)
[10-04 02:03:26] create mhc-exp11-7907654 (v6e-4) in us-central1-c failed: capacity
[10-04 02:03:33] create mhc-exp11-od7940761 (v6e-8, on-demand) in us-central1-b failed: User does not have permission to submit requests for accelerator type \
[10-04 02:03:33] create mhc-exp11-7907656 (v6e-4) in us-south1-c failed: an internal error has occurred
[10-04 02:03:40] create mhc-exp11-od7940761 (v6e-8, on-demand) in us-south1-a failed: capacity
[10-04 02:03:45] create mhc-exp11-od7940761 (v6e-8, on-demand) in us-south1-c failed: capacity
[10-04 02:04:15] create mhc-exp11-7907656 (v6e-1) in us-central1-b failed: quota (Quota limit 'TPUV6EPreemptiblePerProjectPerZoneForTPUAPI' has been exceeded. Limit: 16 in zone us-central1-b.)
[10-04 02:04:38] create mhc-exp11-7907656 (v6e-1) in us-south1-c failed: an internal error has occurred
[10-04 02:04:52] create mhc-exp11-7907654 (v6e-4) in us-south1-c failed: an internal error has occurred
[10-04 02:04:59] create mhc-exp11-od7949063 (v6e-4, on-demand) in us-central1-b failed: User does not have permission to submit requests for accelerator type \
[10-04 02:05:53] create mhc-exp11-7949062 (v6e-8) in us-south1-c failed: an internal error has occurred
[10-04 02:06:04] v6e-d768-a-local-h4-lr7.5e-4-s4: done — exit 0 in 1953s on mhc-exp11-642934 (us-central1-b), val 3.9803, tok/s 57155, preempted 0x
[10-04 02:06:07] v6e-a-global-h4-lr0.7x-s0: started on mhc-exp11-642934 chip 0
[10-04 02:06:35] create mhc-exp11-7907654 (v6e-4) in us-east5-a failed: capacity
[10-04 02:07:24] v6e-d768-a-global-h4-lr7.5e-4-s3: done — exit 0 in 1960s on mhc-exp11-642934 (us-central1-b), val 3.9128, tok/s 57461, preempted 0x
[10-04 02:07:27] create mhc-exp11-od7956764 (v6e-8, on-demand) in asia-southeast1-b failed: capacity
[10-04 02:07:27] v6e-ctrl-mlp1216-lr0.7x-s0: started on mhc-exp11-642934 chip 2
[10-04 02:07:33] create mhc-exp11-od7956764 (v6e-4, on-demand) in us-south1-a failed: capacity
[10-04 02:07:38] create mhc-exp11-od7956764 (v6e-4, on-demand) in us-south1-c failed: capacity
[10-04 02:08:35] create mhc-exp11-7907655 (v6e-4) in us-central1-b failed: an internal error has occurred
[10-04 02:08:42] v6e-d768-a-global-h4-lr7.5e-4-s4: done — exit 0 in 1928s on mhc-exp11-642934 (us-central1-b), val 3.9468, tok/s 58456, preempted 0x
[10-04 02:08:55] v6e-d768-mhc-h1-lr2.1e-3-s2: done — exit 0 in 1972s on mhc-exp11-642934 (us-central1-b), val 4.7889, tok/s 56178, preempted 0x
[10-04 02:09:09] v6e-d768-a-global-h4-lr2.1e-3-s2: done — exit 0 in 1966s on mhc-exp11-642934 (us-central1-b), val 4.4173, tok/s 56244, preempted 0x
[10-04 02:09:12] v6e-a-local-h4-lr0.7x-s0: started on mhc-exp11-642934 chip 4
[10-04 02:09:14] v6e-mhc-h1-lr1.4x-s0: started on mhc-exp11-642934 chip 5
[10-04 02:09:15] v6e-a-global-h4-lr1.4x-s0: started on mhc-exp11-642934 chip 6
[10-04 02:09:19] create mhc-exp11-7949062 (v6e-8) in us-east5-b failed: capacity
[10-04 02:09:20] create mhc-exp11-7907654 (v6e-4) in us-east5-b failed: capacity
[10-04 02:09:23] create mhc-exp11-od7975565 (v6e-8, on-demand) in us-central1-b failed: User does not have permission to submit requests for accelerator type \
[10-04 02:10:05] create mhc-exp11-7907654 (v6e-4) in us-east5-c failed: quota (Quota limit 'TPUV6EPreemptiblePerProjectPerZoneForTPUAPI' has been exceeded. Limit: 0 in zone us-east5-c.)
[10-04 02:10:24] create mhc-exp11-od7981866 (v6e-4, on-demand) in us-central1-b failed: User does not have permission to submit requests for accelerator type \
[10-04 02:10:42] create mhc-exp11-7907654 (v6e-1) in asia-southeast1-b failed: capacity
[10-04 02:10:54] create mhc-exp11-7907654 (v6e-1) in us-central1-a failed: capacity
[10-04 02:11:03] create mhc-exp11-7907654 (v6e-1) in us-central1-c failed: capacity
[10-04 02:11:12] create mhc-exp11-7907654 (v6e-1) in us-south1-a failed: capacity
[10-04 02:11:36] create mhc-exp11-7907654 (v6e-1) in us-south1-c failed: an internal error has occurred
[10-04 02:12:34] create mhc-exp11-od7994468 (v6e-8, on-demand) in us-central1-a failed: capacity
[10-04 02:12:38] create mhc-exp11-7907654 (v6e-1) in us-east5-a failed: capacity
[10-04 02:12:42] create mhc-exp11-od7994468 (v6e-8, on-demand) in us-central1-c failed: capacity
[10-04 02:12:43] create mhc-exp11-7949062 (v6e-4) in us-east5-b failed: capacity
[10-04 02:12:48] create mhc-exp11-7907655 (v6e-4) in us-east5-b failed: capacity
[10-04 02:12:51] create mhc-exp11-od7994468 (v6e-4, on-demand) in us-central1-a failed: capacity
[10-04 02:13:00] create mhc-exp11-od7994468 (v6e-4, on-demand) in us-central1-c failed: capacity
[10-04 02:13:39] v6e-mhc-h1-lrhalf-s0: done — exit 0 in 1383s on mhc-exp11-6862534 (us-central1-b), val 4.1255, tok/s 78347, preempted 0x
[10-04 02:13:52] v6e-a-global-h4-lrhalf-s0: done — exit 0 in 1390s on mhc-exp11-6862534 (us-central1-b), val 4.1379, tok/s 78419, preempted 0x
[10-04 02:13:55] v6e-ctrl-mlp1216-lr1.4x-s0: started on mhc-exp11-6862534 chip 1
[10-04 02:13:56] v6e-a-local-h4-lr1.4x-s0: started on mhc-exp11-6862534 chip 3
[10-04 02:14:45] create mhc-exp11-od8003669 (v6e-4, on-demand) in asia-southeast1-b failed: capacity
[10-04 02:15:06] create mhc-exp11-7949062 (v6e-1) in us-east5-b failed: capacity
[10-04 02:15:10] create mhc-exp11-7907655 (v6e-1) in us-east5-b failed: capacity
[10-04 02:15:11] v6e-d768-ctrl-mlp2240-lr2.1e-3-s2: done — exit 0 in 2032s on mhc-exp11-642934 (us-central1-b), val 4.8397, tok/s 53940, preempted 0x
[10-04 02:15:13] v6e-ctrl-mlp1216-lrhalf-s0: done — exit 0 in 1358s on mhc-exp11-6862534 (us-central1-b), val 4.1215, tok/s 79527, preempted 0x
[10-04 02:15:20] v6e-mhc-h1-lrhalf-s1: started on mhc-exp11-6862534 chip 2
[10-04 02:15:24] create mhc-exp11-7907654 (v6e-1) in us-east5-b failed: capacity
[10-04 02:15:30] v6e-a-global-h4-lrhalf-s1: started on mhc-exp11-642934 chip 7
[10-04 02:15:38] create mhc-exp11-od8013070 (v6e-8, on-demand) in us-central1-b failed: User does not have permission to submit requests for accelerator type \
[10-04 02:15:45] create mhc-exp11-od8013070 (v6e-4, on-demand) in us-central1-b failed: User does not have permission to submit requests for accelerator type \
[10-04 02:15:48] create mhc-exp11-7907655 (v6e-1) in us-east5-c failed: quota (Quota limit 'TPUV6EPreemptiblePerProjectPerZoneForTPUAPI' has been exceeded. Limit: 0 in zone us-east5-c.)
[10-04 02:15:55] create mhc-exp11-7949062 (v6e-1) in us-east5-c failed: quota (Quota limit 'TPUV6EPreemptiblePerProjectPerZoneForTPUAPI' has been exceeded. Limit: 0 in zone us-east5-c.)
[10-04 02:16:07] create mhc-exp11-7907654 (v6e-1) in us-east5-c failed: quota (Quota limit 'TPUV6EPreemptiblePerProjectPerZoneForTPUAPI' has been exceeded. Limit: 0 in zone us-east5-c.)
[10-04 02:16:33] status: 98/181 done, 71 queued, 12 running on 2 VMs, spent $74.86
[10-04 02:17:17] create mhc-exp11-8019373 (v6e-8) in asia-southeast1-b failed: capacity
[10-04 02:17:18] create mhc-exp11-8019374 (v6e-8) in asia-southeast1-b failed: capacity
[10-04 02:17:51] create mhc-exp11-8019372 (v6e-8) in asia-southeast1-b failed: capacity
[10-04 02:18:01] create mhc-exp11-8019372 (v6e-8) in us-south1-a failed: capacity
[10-04 02:18:03] create mhc-exp11-8019373 (v6e-8) in us-central1-a failed: capacity
[10-04 02:18:05] create mhc-exp11-8019374 (v6e-8) in us-central1-a failed: capacity
[10-04 02:18:46] create mhc-exp11-8019372 (v6e-8) in us-south1-c failed: an internal error has occurred
[10-04 02:18:46] create mhc-exp11-8019374 (v6e-8) in us-central1-b failed: quota (Quota limit 'TPUV6EPreemptiblePerProjectPerZoneForTPUAPI' has been exceeded. Limit: 16 in zone us-central1-b.)
[10-04 02:18:47] create mhc-exp11-od8031976 (v6e-8, on-demand) in us-south1-a failed: capacity
[10-04 02:18:51] create mhc-exp11-8019373 (v6e-8) in us-central1-b failed: quota (Quota limit 'TPUV6EPreemptiblePerProjectPerZoneForTPUAPI' has been exceeded. Limit: 16 in zone us-central1-b.)
[10-04 02:18:52] create mhc-exp11-od8031976 (v6e-8, on-demand) in us-south1-c failed: capacity
[10-04 02:18:55] create mhc-exp11-8019374 (v6e-8) in us-central1-c failed: capacity
[10-04 02:19:00] create mhc-exp11-8019373 (v6e-8) in us-central1-c failed: capacity
[10-04 02:19:44] create mhc-exp11-8019373 (v6e-8) in us-east5-a failed: quota (Quota limit 'TPUV6EPreemptiblePerProjectPerZoneForTPUAPI' has been exceeded. Limit: 16 in zone us-east5-a.)
[10-04 02:20:17] create mhc-exp11-8019374 (v6e-8) in us-east5-a failed: capacity
[10-04 02:20:28] create mhc-exp11-8019372 (v6e-8) in us-east5-a failed: capacity
[10-04 02:20:29] create mhc-exp11-8019373 (v6e-8) in us-east5-c failed: quota (Quota limit 'TPUV6EPreemptiblePerProjectPerZoneForTPUAPI' has been exceeded. Limit: 0 in zone us-east5-c.)
[10-04 02:20:55] create mhc-exp11-od8044678 (v6e-8, on-demand) in us-central1-b failed: User does not have permission to submit requests for accelerator type \
[10-04 02:21:07] create mhc-exp11-8019374 (v6e-8) in us-east5-c failed: quota (Quota limit 'TPUV6EPreemptiblePerProjectPerZoneForTPUAPI' has been exceeded. Limit: 0 in zone us-east5-c.)
[10-04 02:21:07] create mhc-exp11-od8044678 (v6e-4, on-demand) in us-central1-b failed: User does not have permission to submit requests for accelerator type \
[10-04 02:21:08] create mhc-exp11-8019372 (v6e-8) in us-east5-c failed: quota (Quota limit 'TPUV6EPreemptiblePerProjectPerZoneForTPUAPI' has been exceeded. Limit: 0 in zone us-east5-c.)
[10-04 02:21:27] create mhc-exp11-8019373 (v6e-4) in asia-southeast1-b failed: capacity
[10-04 02:21:44] create mhc-exp11-8019374 (v6e-4) in asia-southeast1-b failed: capacity
[10-04 02:21:55] create mhc-exp11-8019372 (v6e-4) in asia-southeast1-b failed: capacity
[10-04 02:22:00] create mhc-exp11-8019373 (v6e-4) in us-central1-a failed: capacity
[10-04 02:22:01] v6e-a-local-h4-lrhalf-s0: done — exit 0 in 1334s on mhc-exp11-642934 (us-central1-b), val 4.1659, tok/s 81858, preempted 0x
[10-04 02:22:03] create mhc-exp11-8019372 (v6e-4) in us-south1-a failed: capacity
[10-04 02:22:14] v6e-mhc-h1-lr0.7x-s0: done — exit 0 in 1312s on mhc-exp11-642934 (us-central1-b), val 4.1360, tok/s 82511, preempted 0x
[10-04 02:22:16] v6e-ctrl-mlp1216-lrhalf-s1: started on mhc-exp11-642934 chip 1
[10-04 02:22:18] v6e-a-local-h4-lrhalf-s1: started on mhc-exp11-642934 chip 3
[10-04 02:22:36] create mhc-exp11-8019374 (v6e-4) in us-central1-a failed: capacity
[10-04 02:22:47] create mhc-exp11-8019372 (v6e-4) in us-south1-c failed: an internal error has occurred
[10-04 02:23:20] create mhc-exp11-8019374 (v6e-4) in us-central1-b failed: quota (Quota limit 'TPUV6EPreemptiblePerProjectPerZoneForTPUAPI' has been exceeded. Limit: 16 in zone us-central1-b.)
[10-04 02:23:22] create mhc-exp11-8019372 (v6e-4) in us-east5-a failed: capacity
[10-04 02:23:29] create mhc-exp11-8019374 (v6e-4) in us-central1-c failed: capacity
[10-04 02:24:17] create mhc-exp11-8019374 (v6e-1) in us-central1-b failed: quota (Quota limit 'TPUV6EPreemptiblePerProjectPerZoneForTPUAPI' has been exceeded. Limit: 16 in zone us-central1-b.)
[10-04 02:24:22] create mhc-exp11-od8060180 (v6e-8, on-demand) in asia-southeast1-b failed: capacity
[10-04 02:24:30] create mhc-exp11-od8060180 (v6e-4, on-demand) in us-south1-a failed: capacity
[10-04 02:24:35] create mhc-exp11-od8060180 (v6e-4, on-demand) in us-south1-c failed: capacity
[10-04 02:24:36] create mhc-exp11-8019374 (v6e-1) in us-south1-c failed: an internal error has occurred
[10-04 02:24:49] create mhc-exp11-8019372 (v6e-1) in us-south1-c failed: an internal error has occurred
[10-04 02:25:06] create mhc-exp11-8019373 (v6e-4) in us-central1-b failed: an internal error has occurred
[10-04 02:25:55] create mhc-exp11-8019373 (v6e-4) in us-east5-c failed: quota (Quota limit 'TPUV6EPreemptiblePerProjectPerZoneForTPUAPI' has been exceeded. Limit: 0 in zone us-east5-c.)
[10-04 02:26:52] create mhc-exp11-8019373 (v6e-1) in asia-southeast1-b failed: capacity
[10-04 02:26:54] create mhc-exp11-8072882 (v6e-8) in us-south1-c failed: an internal error has occurred
[10-04 02:26:55] create mhc-exp11-8072883 (v6e-8) in us-south1-c failed: an internal error has occurred
[10-04 02:27:00] create mhc-exp11-od8080984 (v6e-8, on-demand) in us-central1-b failed: User does not have permission to submit requests for accelerator type \
[10-04 02:27:09] create mhc-exp11-od8080984 (v6e-4, on-demand) in us-central1-b failed: User does not have permission to submit requests for accelerator type \
[10-04 02:27:37] create mhc-exp11-8019373 (v6e-1) in us-central1-a failed: capacity
[10-04 02:27:45] create mhc-exp11-8019373 (v6e-1) in us-central1-c failed: capacity
[10-04 02:27:54] create mhc-exp11-8019373 (v6e-1) in us-south1-a failed: capacity
[10-04 02:28:04] v6e-d768-a-local-h4-lr2.1e-3-s2: done — exit 0 in 2199s on mhc-exp11-6862534 (us-central1-b), val 4.5362, tok/s 49891, preempted 0x
[10-04 02:28:07] v6e-mhc-h1-lr0.7x-s1: started on mhc-exp11-6862534 chip 0
[10-04 02:28:12] create mhc-exp11-od8088785 (v6e-8, on-demand) in us-central1-a failed: capacity
[10-04 02:28:21] create mhc-exp11-od8088785 (v6e-8, on-demand) in us-central1-c failed: capacity
[10-04 02:28:30] create mhc-exp11-od8088785 (v6e-4, on-demand) in us-central1-a failed: capacity
[10-04 02:28:38] create mhc-exp11-od8088785 (v6e-4, on-demand) in us-central1-c failed: capacity
[10-04 02:28:39] create mhc-exp11-8019373 (v6e-1) in us-east5-a failed: capacity
[10-04 02:29:22] v6e-a-global-h4-lr0.7x-s0: done — exit 0 in 1252s on mhc-exp11-642934 (us-central1-b), val 4.1077, tok/s 90254, preempted 0x
[10-04 02:29:34] v6e-ctrl-mlp1216-lr0.7x-s0: done — exit 0 in 1251s on mhc-exp11-642934 (us-central1-b), val 4.0924, tok/s 87455, preempted 0x
[10-04 02:29:37] v6e-a-global-h4-lr0.7x-s1: started on mhc-exp11-642934 chip 0
[10-04 02:29:38] v6e-ctrl-mlp1216-lr0.7x-s1: started on mhc-exp11-642934 chip 2
[10-04 02:30:21] create mhc-exp11-8097886 (v6e-8) in us-east5-b failed: quota (Quota limit 'TPUV6EPreemptiblePerProjectPerZoneForTPUAPI' has been exceeded. Limit: 16 in zone us-east5-b.)
[10-04 02:30:41] create mhc-exp11-8072883 (v6e-8) in us-east5-b failed: capacity
[10-04 02:30:52] v6e-mhc-h1-lr1.4x-s0: done — exit 0 in 1224s on mhc-exp11-642934 (us-central1-b), val 4.1768, tok/s 88773, preempted 0x
[10-04 02:30:55] v6e-a-local-h4-lr0.7x-s1: started on mhc-exp11-642934 chip 5
[10-04 02:31:02] create mhc-exp11-8072882 (v6e-8) in us-east5-b failed: capacity
[10-04 02:31:21] create mhc-exp11-8072883 (v6e-4) in us-central1-b failed: quota (Quota limit 'TPUV6EPreemptiblePerProjectPerZoneForTPUAPI' has been exceeded. Limit: 16 in zone us-central1-b.)
[10-04 02:31:38] create mhc-exp11-8072883 (v6e-4) in us-south1-c failed: an internal error has occurred
[10-04 02:31:49] create mhc-exp11-8072882 (v6e-4) in us-south1-c failed: an internal error has occurred
[10-04 02:32:00] create mhc-exp11-od8105588 (v6e-4, on-demand) in asia-southeast1-b failed: capacity
[10-04 02:32:10] v6e-a-local-h4-lr0.7x-s0: done — exit 0 in 1259s on mhc-exp11-642934 (us-central1-b), val 4.1480, tok/s 87913, preempted 0x
[10-04 02:32:22] v6e-a-global-h4-lr1.4x-s0: done — exit 0 in 1247s on mhc-exp11-642934 (us-central1-b), val 4.1632, tok/s 89188, preempted 0x
[10-04 02:32:25] v6e-mhc-h1-lr1.4x-s1: started on mhc-exp11-642934 chip 4
[10-04 02:32:26] v6e-a-global-h4-lr1.4x-s1: started on mhc-exp11-642934 chip 6
[10-04 02:32:26] status: 106/181 done, 63 queued, 12 running on 2 VMs, spent $78.24
[10-04 02:32:36] create mhc-exp11-od8114689 (v6e-8, on-demand) in us-central1-b failed: User does not have permission to submit requests for accelerator type \
[10-04 02:32:44] create mhc-exp11-od8114689 (v6e-4, on-demand) in us-central1-b failed: User does not have permission to submit requests for accelerator type \
[10-04 02:33:11] create mhc-exp11-8072882 (v6e-4) in us-east5-b failed: capacity
[10-04 02:33:23] create mhc-exp11-8072883 (v6e-4) in us-east5-b failed: capacity
[10-04 02:33:41] create mhc-exp11-8072883 (v6e-1) in us-south1-c failed: an internal error has occurred
[10-04 02:33:41] create mhc-exp11-8072882 (v6e-1) in us-south1-c failed: an internal error has occurred
[10-04 02:34:38] create mhc-exp11-od8127291 (v6e-8, on-demand) in us-south1-a failed: capacity
[10-04 02:34:43] create mhc-exp11-od8127291 (v6e-8, on-demand) in us-south1-c failed: capacity
[10-04 02:35:12] create mhc-exp11-8097886 (v6e-4) in us-central1-b failed: an internal error has occurred
[10-04 02:36:28] create mhc-exp11-8072882 (v6e-1) in us-east5-b failed: capacity
[10-04 02:36:33] create mhc-exp11-8097886 (v6e-1) in us-east5-b failed: capacity
[10-04 02:36:48] create mhc-exp11-8072883 (v6e-1) in us-east5-b failed: capacity
[10-04 02:37:14] create mhc-exp11-8097886 (v6e-1) in us-east5-c failed: quota (Quota limit 'TPUV6EPreemptiblePerProjectPerZoneForTPUAPI' has been exceeded. Limit: 0 in zone us-east5-c.)
[10-04 02:37:14] create mhc-exp11-8072882 (v6e-1) in us-east5-c failed: quota (Quota limit 'TPUV6EPreemptiblePerProjectPerZoneForTPUAPI' has been exceeded. Limit: 0 in zone us-east5-c.)
[10-04 02:37:31] create mhc-exp11-8072883 (v6e-1) in us-east5-c failed: quota (Quota limit 'TPUV6EPreemptiblePerProjectPerZoneForTPUAPI' has been exceeded. Limit: 0 in zone us-east5-c.)
[10-04 02:37:53] v6e-ctrl-mlp1216-lr1.4x-s0: done — exit 0 in 1372s on mhc-exp11-6862534 (us-central1-b), val 4.1912, tok/s 78631, preempted 0x
[10-04 02:38:06] v6e-a-local-h4-lr1.4x-s0: done — exit 0 in 1398s on mhc-exp11-6862534 (us-central1-b), val 4.2095, tok/s 77469, preempted 0x
[10-04 02:38:14] v6e-ctrl-mlp1216-lr1.4x-s1: started on mhc-exp11-6862534 chip 1
[10-04 02:38:15] v6e-a-local-h4-lr1.4x-s1: started on mhc-exp11-6862534 chip 3
[10-04 02:38:22] create mhc-exp11-od8149596 (v6e-8, on-demand) in us-central1-b failed: User does not have permission to submit requests for accelerator type \
[10-04 02:38:34] create mhc-exp11-od8149596 (v6e-4, on-demand) in us-central1-b failed: User does not have permission to submit requests for accelerator type \
[10-04 02:39:17] create mhc-exp11-8149595 (v6e-8) in asia-southeast1-b failed: capacity
[10-04 02:39:29] v6e-mhc-h1-lrhalf-s1: done — exit 0 in 1378s on mhc-exp11-6862534 (us-central1-b), val 4.1445, tok/s 78396, preempted 0x
[10-04 02:39:29] v6e-a-global-h4-lrhalf-s1: done — exit 0 in 1291s on mhc-exp11-642934 (us-central1-b), val 4.1370, tok/s 86136, preempted 0x
[10-04 02:39:32] create mhc-exp11-8149594 (v6e-8) in asia-southeast1-b failed: capacity
[10-04 02:39:32] v6e-a-global-h4-lrhalf-s2: started on mhc-exp11-642934 chip 7
[10-04 02:39:32] v6e-mhc-h1-lrhalf-s2: started on mhc-exp11-6862534 chip 2
[10-04 02:39:34] create mhc-exp11-8149595 (v6e-8) in us-central1-a failed: capacity
[10-04 02:39:50] create mhc-exp11-8149597 (v6e-8) in asia-southeast1-b failed: capacity
[10-04 02:39:55] create mhc-exp11-8149597 (v6e-8) in us-south1-a failed: capacity
[10-04 02:40:06] create mhc-exp11-8149594 (v6e-8) in us-central1-a failed: capacity
[10-04 02:40:15] create mhc-exp11-8149595 (v6e-8) in us-central1-b failed: quota (Quota limit 'TPUV6EPreemptiblePerProjectPerZoneForTPUAPI' has been exceeded. Limit: 16 in zone us-central1-b.)
[10-04 02:40:21] create mhc-exp11-8149595 (v6e-8) in us-central1-c failed: capacity
[10-04 02:40:30] create mhc-exp11-od8157298 (v6e-8, on-demand) in asia-southeast1-b failed: capacity
[10-04 02:40:38] create mhc-exp11-od8157298 (v6e-4, on-demand) in us-south1-a failed: capacity
[10-04 02:40:39] create mhc-exp11-8149595 (v6e-8) in us-south1-c failed: an internal error has occurred
[10-04 02:40:41] create mhc-exp11-8149597 (v6e-8) in us-south1-c failed: an internal error has occurred
[10-04 02:40:45] create mhc-exp11-od8157298 (v6e-4, on-demand) in us-south1-c failed: capacity
[10-04 02:40:49] create mhc-exp11-8149594 (v6e-8) in us-central1-b failed: quota (Quota limit 'TPUV6EPreemptiblePerProjectPerZoneForTPUAPI' has been exceeded. Limit: 16 in zone us-central1-b.)
[10-04 02:41:06] create mhc-exp11-8149597 (v6e-8) in us-east5-a failed: capacity
[10-04 02:41:06] create mhc-exp11-8149595 (v6e-8) in us-east5-a failed: capacity
[10-04 02:41:50] create mhc-exp11-8149597 (v6e-8) in us-east5-c failed: quota (Quota limit 'TPUV6EPreemptiblePerProjectPerZoneForTPUAPI' has been exceeded. Limit: 0 in zone us-east5-c.)
[10-04 02:41:53] create mhc-exp11-8149595 (v6e-8) in us-east5-c failed: quota (Quota limit 'TPUV6EPreemptiblePerProjectPerZoneForTPUAPI' has been exceeded. Limit: 0 in zone us-east5-c.)
[10-04 02:42:22] create mhc-exp11-8149594 (v6e-8) in us-east5-a failed: capacity
[10-04 02:43:06] create mhc-exp11-8149597 (v6e-4) in asia-southeast1-b failed: capacity
[10-04 02:43:08] create mhc-exp11-8149595 (v6e-4) in asia-southeast1-b failed: capacity
[10-04 02:43:21] create mhc-exp11-8149594 (v6e-4) in asia-southeast1-b failed: capacity
[10-04 02:43:26] create mhc-exp11-8149594 (v6e-4) in us-south1-a failed: capacity
[10-04 02:43:38] create mhc-exp11-8149594 (v6e-4) in us-south1-c failed: an internal error has occurred
[10-04 02:43:41] create mhc-exp11-8149597 (v6e-4) in us-central1-a failed: capacity
[10-04 02:43:42] create mhc-exp11-8149595 (v6e-4) in us-central1-a failed: capacity
[10-04 02:44:23] create mhc-exp11-8149595 (v6e-4) in us-central1-b failed: quota (Quota limit 'TPUV6EPreemptiblePerProjectPerZoneForTPUAPI' has been exceeded. Limit: 16 in zone us-central1-b.)
[10-04 02:44:32] create mhc-exp11-8149595 (v6e-4) in us-central1-c failed: capacity
[10-04 02:45:00] v6e-ctrl-mlp1216-lrhalf-s1: done — exit 0 in 1274s on mhc-exp11-642934 (us-central1-b), val 4.1133, tok/s 85348, preempted 0x
[10-04 02:45:01] create mhc-exp11-8149594 (v6e-4) in us-east5-a failed: capacity
[10-04 02:45:12] v6e-a-local-h4-lrhalf-s1: done — exit 0 in 1269s on mhc-exp11-642934 (us-central1-b), val 4.1564, tok/s 86385, preempted 0x
[10-04 02:45:15] v6e-ctrl-mlp1216-lrhalf-s2: started on mhc-exp11-642934 chip 1
[10-04 02:45:16] v6e-a-local-h4-lrhalf-s2: started on mhc-exp11-642934 chip 3
[10-04 02:45:23] create mhc-exp11-od81916102 (v6e-8, on-demand) in us-central1-a failed: capacity
[10-04 02:45:31] create mhc-exp11-od81916102 (v6e-8, on-demand) in us-central1-b failed: User does not have permission to submit requests for accelerator type \
[10-04 02:45:40] create mhc-exp11-od81916102 (v6e-8, on-demand) in us-central1-c failed: capacity
[10-04 02:45:42] create mhc-exp11-8149594 (v6e-4) in us-east5-c failed: quota (Quota limit 'TPUV6EPreemptiblePerProjectPerZoneForTPUAPI' has been exceeded. Limit: 0 in zone us-east5-c.)
[10-04 02:45:51] create mhc-exp11-od81916102 (v6e-4, on-demand) in us-central1-a failed: capacity
[10-04 02:45:53] create mhc-exp11-8149595 (v6e-4) in us-east5-a failed: capacity
[10-04 02:45:57] create mhc-exp11-od81916102 (v6e-4, on-demand) in us-central1-b failed: User does not have permission to submit requests for accelerator type \
[10-04 02:46:06] create mhc-exp11-od81916102 (v6e-4, on-demand) in us-central1-c failed: capacity
[10-04 02:46:27] create mhc-exp11-8149594 (v6e-1) in asia-southeast1-b failed: capacity
[10-04 02:46:53] create mhc-exp11-8149595 (v6e-1) in asia-southeast1-b failed: capacity
[10-04 02:46:59] create mhc-exp11-8149595 (v6e-1) in us-south1-a failed: capacity
[10-04 02:47:12] create mhc-exp11-8149594 (v6e-1) in us-central1-a failed: capacity
[10-04 02:47:44] create mhc-exp11-8149595 (v6e-1) in us-south1-c failed: an internal error has occurred
[10-04 02:47:58] create mhc-exp11-8149594 (v6e-1) in us-central1-b failed: quota (Quota limit 'TPUV6EPreemptiblePerProjectPerZoneForTPUAPI' has been exceeded. Limit: 16 in zone us-central1-b.)
[10-04 02:48:04] create mhc-exp11-8149594 (v6e-1) in us-central1-c failed: capacity
[10-04 02:48:10] create mhc-exp11-8149595 (v6e-1) in us-east5-a failed: capacity
[10-04 02:48:37] create mhc-exp11-od82043104 (v6e-4, on-demand) in asia-southeast1-b failed: capacity
[10-04 02:48:45] status: 112/181 done, 57 queued, 12 running on 2 VMs, spent $81.71
[10-04 02:49:12] create mhc-exp11-8149597 (v6e-4) in us-central1-b failed: an internal error has occurred
[10-04 02:49:28] create mhc-exp11-8149594 (v6e-1) in us-east5-a failed: capacity
[10-04 02:49:46] create mhc-exp11-8149597 (v6e-4) in us-south1-c failed: an internal error has occurred
[10-04 02:49:47] create mhc-exp11-82125105 (v6e-8) in us-south1-c failed: an internal error has occurred
[10-04 02:49:53] create mhc-exp11-od82188108 (v6e-8, on-demand) in us-south1-a failed: capacity
[10-04 02:49:58] create mhc-exp11-od82188108 (v6e-8, on-demand) in us-south1-c failed: capacity
[10-04 02:50:32] create mhc-exp11-82125105 (v6e-8) in us-east5-b failed: quota (Quota limit 'TPUV6EPreemptiblePerProjectPerZoneForTPUAPI' has been exceeded. Limit: 16 in zone us-east5-b.)
[10-04 02:51:03] v6e-ctrl-mlp1216-lr0.7x-s1: done — exit 0 in 1234s on mhc-exp11-642934 (us-central1-b), val 4.1021, tok/s 89795, preempted 0x
[10-04 02:51:05] v6e-mhc-h1-lr0.7x-s2: started on mhc-exp11-642934 chip 2
[10-04 02:51:09] create mhc-exp11-8149597 (v6e-4) in us-east5-b failed: capacity
[10-04 02:51:12] create mhc-exp11-82188107 (v6e-8) in us-east5-b failed: capacity
[10-04 02:51:50] mhc-exp11-6862534: status failed (1): ssh: connect to host 34.46.96.85 port 22: Operation timed out
[10-04 02:51:56] create mhc-exp11-od82310110 (v6e-8, on-demand) in us-central1-b failed: User does not have permission to submit requests for accelerator type \
[10-04 02:52:05] create mhc-exp11-od82310110 (v6e-4, on-demand) in us-central1-b failed: User does not have permission to submit requests for accelerator type \
[10-04 02:52:51] v6e-mhc-h1-lr0.7x-s1: back in the queue (state PREEMPTED, attempt 2)
[10-04 02:52:51] v6e-ctrl-mlp1216-lr1.4x-s1: back in the queue (state PREEMPTED, attempt 2)
[10-04 02:52:51] v6e-a-local-h4-lr1.4x-s1: back in the queue (state PREEMPTED, attempt 2)
[10-04 02:52:51] v6e-mhc-h1-lrhalf-s2: back in the queue (state PREEMPTED, attempt 2)
[10-04 02:53:51] deleted mhc-exp11-6862534 (state PREEMPTED)
[10-04 02:54:04] v6e-a-global-h4-lr0.7x-s1: done — exit 0 in 1296s on mhc-exp11-642934 (us-central1-b), val 4.1148, tok/s 87074, preempted 0x
[10-04 02:54:17] v6e-a-local-h4-lr0.7x-s1: done — exit 0 in 1255s on mhc-exp11-642934 (us-central1-b), val 4.1327, tok/s 88025, preempted 0x
[10-04 02:54:21] v6e-mhc-h1-lr0.7x-s1: started on mhc-exp11-642934 chip 0
[10-04 02:54:22] v6e-ctrl-mlp1216-lr1.4x-s1: started on mhc-exp11-642934 chip 5
[10-04 02:54:35] create mhc-exp11-82310109 (v6e-1) in us-east5-b failed: capacity
[10-04 02:54:42] create mhc-exp11-82125105 (v6e-4) in us-east5-b failed: capacity
[10-04 02:54:56] create mhc-exp11-82310111 (v6e-1) in us-east5-b failed: capacity
[10-04 02:55:21] create mhc-exp11-82310109 (v6e-1) in us-east5-c failed: quota (Quota limit 'TPUV6EPreemptiblePerProjectPerZoneForTPUAPI' has been exceeded. Limit: 0 in zone us-east5-c.)
[10-04 02:55:36] v6e-mhc-h1-lr1.4x-s1: done — exit 0 in 1264s on mhc-exp11-642934 (us-central1-b), val 4.1516, tok/s 86393, preempted 0x
[10-04 02:55:39] create mhc-exp11-82310111 (v6e-1) in us-east5-c failed: quota (Quota limit 'TPUV6EPreemptiblePerProjectPerZoneForTPUAPI' has been exceeded. Limit: 0 in zone us-east5-c.)
[10-04 02:55:44] create mhc-exp11-82125105 (v6e-1) in us-south1-c failed: an internal error has occurred
[10-04 02:55:49] v6e-a-global-h4-lr1.4x-s1: done — exit 0 in 1262s on mhc-exp11-642934 (us-central1-b), val 4.1602, tok/s 87608, preempted 0x
[10-04 02:55:51] v6e-a-local-h4-lr1.4x-s1: started on mhc-exp11-642934 chip 4
[10-04 02:55:53] v6e-mhc-h1-lrhalf-s2: started on mhc-exp11-642934 chip 6
[10-04 02:57:07] create mhc-exp11-82553117 (v6e-8) in asia-southeast1-b failed: capacity
[10-04 02:57:07] create mhc-exp11-od82553116 (v6e-8, on-demand) in asia-southeast1-b failed: capacity
[10-04 02:57:08] create mhc-exp11-82553115 (v6e-8) in asia-southeast1-b failed: an internal error has occurred
[10-04 02:57:17] create mhc-exp11-od82553116 (v6e-4, on-demand) in us-central1-b failed: User does not have permission to submit requests for accelerator type \
[10-04 02:57:19] create mhc-exp11-82553114 (v6e-8) in asia-southeast1-b failed: capacity
[10-04 02:57:20] create mhc-exp11-82553115 (v6e-8) in us-south1-a failed: capacity
[10-04 02:57:23] create mhc-exp11-od82553116 (v6e-4, on-demand) in us-south1-a failed: capacity
[10-04 02:57:28] create mhc-exp11-od82553116 (v6e-4, on-demand) in us-south1-c failed: capacity
[10-04 02:57:36] create mhc-exp11-82553114 (v6e-8) in us-central1-a failed: capacity
[10-04 02:57:42] create mhc-exp11-82553117 (v6e-8) in us-central1-a failed: capacity
[10-04 02:57:45] create mhc-exp11-82553115 (v6e-8) in us-south1-c failed: an internal error has occurred
[10-04 02:58:21] create mhc-exp11-82553117 (v6e-8) in us-central1-b failed: quota (Quota limit 'TPUV6EPreemptiblePerProjectPerZoneForTPUAPI' has been exceeded. Limit: 16 in zone us-central1-b.)
[10-04 02:58:23] create mhc-exp11-82553114 (v6e-8) in us-central1-b failed: quota (Quota limit 'TPUV6EPreemptiblePerProjectPerZoneForTPUAPI' has been exceeded. Limit: 16 in zone us-central1-b.)
[10-04 02:58:30] create mhc-exp11-82553117 (v6e-8) in us-central1-c failed: capacity
[10-04 02:58:30] create mhc-exp11-82553115 (v6e-8) in us-east5-a failed: capacity
[10-04 02:58:32] create mhc-exp11-82553114 (v6e-8) in us-central1-c failed: capacity
[10-04 02:59:12] create mhc-exp11-82553115 (v6e-8) in us-east5-c failed: quota (Quota limit 'TPUV6EPreemptiblePerProjectPerZoneForTPUAPI' has been exceeded. Limit: 0 in zone us-east5-c.)
[10-04 02:59:16] create mhc-exp11-82553114 (v6e-8) in us-east5-c failed: quota (Quota limit 'TPUV6EPreemptiblePerProjectPerZoneForTPUAPI' has been exceeded. Limit: 0 in zone us-east5-c.)
[10-04 02:59:27] create mhc-exp11-od82761119 (v6e-8, on-demand) in us-central1-b failed: User does not have permission to submit requests for accelerator type \
[10-04 02:59:31] create mhc-exp11-82553117 (v6e-8) in us-east5-a failed: capacity
[10-04 02:59:57] create mhc-exp11-82553115 (v6e-4) in asia-southeast1-b failed: capacity
[10-04 03:00:01] create mhc-exp11-82553114 (v6e-4) in asia-southeast1-b failed: capacity
[10-04 03:00:28] create mhc-exp11-82553117 (v6e-4) in asia-southeast1-b failed: capacity
[10-04 03:00:34] create mhc-exp11-82553117 (v6e-4) in us-south1-a failed: capacity
[10-04 03:00:34] create mhc-exp11-82553114 (v6e-4) in us-central1-a failed: capacity
[10-04 03:00:42] create mhc-exp11-82553115 (v6e-4) in us-central1-a failed: capacity
[10-04 03:01:27] create mhc-exp11-82553115 (v6e-4) in us-central1-b failed: quota (Quota limit 'TPUV6EPreemptiblePerProjectPerZoneForTPUAPI' has been exceeded. Limit: 16 in zone us-central1-b.)
[10-04 03:01:33] create mhc-exp11-82553115 (v6e-4) in us-central1-c failed: capacity
[10-04 03:01:39] v6e-a-global-h4-lrhalf-s2: done — exit 0 in 1261s on mhc-exp11-642934 (us-central1-b), val 4.1366, tok/s 87926, preempted 0x
[10-04 03:01:41] v6e-a-global-h4-lr0.7x-s2: started on mhc-exp11-642934 chip 7
[10-04 03:01:46] create mhc-exp11-od82901121 (v6e-8, on-demand) in us-central1-a failed: capacity
[10-04 03:01:55] create mhc-exp11-od82901121 (v6e-8, on-demand) in us-central1-c failed: capacity
[10-04 03:01:58] create mhc-exp11-82553117 (v6e-4) in us-south1-c failed: an internal error has occurred
[10-04 03:02:04] create mhc-exp11-od82901121 (v6e-4, on-demand) in us-central1-a failed: capacity
[10-04 03:02:12] create mhc-exp11-od82901121 (v6e-4, on-demand) in us-central1-c failed: capacity
[10-04 03:02:53] create mhc-exp11-od82965122 (v6e-4, on-demand) in us-central1-b failed: User does not have permission to submit requests for accelerator type \
[10-04 03:03:00] create mhc-exp11-82553115 (v6e-4) in us-south1-c failed: an internal error has occurred
[10-04 03:03:02] create mhc-exp11-82553117 (v6e-4) in us-east5-a failed: capacity
[10-04 03:03:48] status: 118/181 done, 55 queued, 8 running on 1 VMs, spent $84.48
[10-04 03:03:50] create mhc-exp11-82553117 (v6e-4) in us-east5-c failed: quota (Quota limit 'TPUV6EPreemptiblePerProjectPerZoneForTPUAPI' has been exceeded. Limit: 0 in zone us-east5-c.)
[10-04 03:04:21] create mhc-exp11-82553114 (v6e-4) in us-central1-b failed: an internal error has occurred
[10-04 03:04:22] create mhc-exp11-82553115 (v6e-4) in us-east5-a failed: capacity
[10-04 03:04:24] create mhc-exp11-82553117 (v6e-1) in asia-southeast1-b failed: capacity
[10-04 03:04:25] create mhc-exp11-od83028123 (v6e-4, on-demand) in asia-southeast1-b failed: capacity
[10-04 03:04:34] create mhc-exp11-82553117 (v6e-1) in us-central1-a failed: capacity
[10-04 03:04:57] create mhc-exp11-od83091124 (v6e-8, on-demand) in us-central1-b failed: User does not have permission to submit requests for accelerator type \
[10-04 03:05:03] create mhc-exp11-od83091124 (v6e-8, on-demand) in us-south1-a failed: capacity
[10-04 03:05:07] create mhc-exp11-od83091124 (v6e-8, on-demand) in us-south1-c failed: capacity
[10-04 03:05:39] create mhc-exp11-82553115 (v6e-1) in asia-southeast1-b failed: capacity
[10-04 03:05:40] create mhc-exp11-82553114 (v6e-1) in asia-southeast1-b failed: capacity
[10-04 03:05:48] create mhc-exp11-82553114 (v6e-1) in us-south1-a failed: capacity
[10-04 03:06:50] create mhc-exp11-82553114 (v6e-1) in us-south1-c failed: an internal error has occurred
[10-04 03:07:10] v6e-ctrl-mlp1216-lrhalf-s2: done — exit 0 in 1220s on mhc-exp11-642934 (us-central1-b), val 4.0976, tok/s 88984, preempted 0x
[10-04 03:07:13] v6e-ctrl-mlp1216-lr0.7x-s2: started on mhc-exp11-642934 chip 1
[10-04 03:07:26] create mhc-exp11-82553114 (v6e-1) in us-east5-a failed: capacity
[10-04 03:08:16] create mhc-exp11-82462112 (v6e-4) in us-central1-b failed: capacity
[10-04 03:08:27] v6e-a-local-h4-lrhalf-s2: done — exit 0 in 1289s on mhc-exp11-642934 (us-central1-b), val 4.1731, tok/s 85892, preempted 0x
[10-04 03:08:30] v6e-a-local-h4-lr0.7x-s2: started on mhc-exp11-642934 chip 3
[10-04 03:08:38] create mhc-exp11-od83310127 (v6e-4, on-demand) in us-central1-b failed: User does not have permission to submit requests for accelerator type \
[10-04 03:08:40] create mhc-exp11-82462112 (v6e-4) in us-south1-c failed: an internal error has occurred
[10-04 03:09:03] create mhc-exp11-82553117 (v6e-1) in us-central1-b failed: an internal error has occurred
[10-04 03:09:13] create mhc-exp11-82553117 (v6e-1) in us-central1-c failed: capacity
[10-04 03:09:48] created mhc-exp11-82553115 (v6e-1) in us-central1-b
[10-04 03:09:52] create mhc-exp11-83310128 (v6e-8) in us-south1-c failed: an internal error has occurred
[10-04 03:10:30] mhc-exp11-82553115: set up (data ok: 21 shards)
[10-04 03:10:56] v6e-mhc-h1-lr1.4x-s2: started on mhc-exp11-82553115 chip 0
[10-04 03:11:01] create mhc-exp11-od83456131 (v6e-8, on-demand) in us-central1-b failed: User does not have permission to submit requests for accelerator type \
[10-04 03:11:43] create mhc-exp11-83456130 (v6e-8) in us-east5-b failed: capacity
[10-04 03:11:58] create mhc-exp11-83310128 (v6e-8) in us-east5-b failed: capacity
[10-04 03:14:02] create mhc-exp11-od83583133 (v6e-8, on-demand) in asia-southeast1-b failed: capacity
[10-04 03:14:13] create mhc-exp11-82462112 (v6e-1) in us-central1-b failed: an internal error has occurred
[10-04 03:14:13] create mhc-exp11-od83583133 (v6e-4, on-demand) in us-central1-b failed: User does not have permission to submit requests for accelerator type \
[10-04 03:14:17] v6e-mhc-h1-lr0.7x-s2: done — exit 0 in 1295s on mhc-exp11-642934 (us-central1-b), val 4.1183, tok/s 85197, preempted 0x
[10-04 03:14:20] v6e-a-global-h4-lr1.4x-s2: started on mhc-exp11-642934 chip 2
[10-04 03:14:21] create mhc-exp11-od83583133 (v6e-4, on-demand) in us-south1-a failed: capacity
[10-04 03:14:26] create mhc-exp11-od83583133 (v6e-4, on-demand) in us-south1-c failed: capacity
[10-04 03:14:40] create mhc-exp11-82462112 (v6e-1) in us-south1-c failed: an internal error has occurred
[10-04 03:14:48] create mhc-exp11-83456130 (v6e-4) in us-east5-b failed: capacity
[10-04 03:15:04] create mhc-exp11-83310128 (v6e-4) in us-east5-b failed: capacity
[10-04 03:15:34] v6e-ctrl-mlp1216-lr1.4x-s1: done — exit 0 in 1206s on mhc-exp11-642934 (us-central1-b), val 4.2237, tok/s 90197, preempted 1x
[10-04 03:15:37] v6e-ctrl-mlp1216-lr1.4x-s2: started on mhc-exp11-642934 chip 5
[10-04 03:16:52] v6e-mhc-h1-lr0.7x-s1: done — exit 0 in 1220s on mhc-exp11-642934 (us-central1-b), val 4.1101, tok/s 89453, preempted 1x
[10-04 03:16:55] v6e-a-local-h4-lr1.4x-s2: started on mhc-exp11-642934 chip 0
[10-04 03:17:05] create mhc-exp11-od83815135 (v6e-8, on-demand) in us-central1-a failed: capacity
[10-04 03:17:13] create mhc-exp11-od83815135 (v6e-8, on-demand) in us-central1-b failed: User does not have permission to submit requests for accelerator type \
[10-04 03:17:23] create mhc-exp11-od83815135 (v6e-8, on-demand) in us-central1-c failed: capacity
[10-04 03:17:31] create mhc-exp11-od83815135 (v6e-4, on-demand) in us-central1-a failed: capacity
[10-04 03:17:36] create mhc-exp11-od83815135 (v6e-4, on-demand) in us-central1-c failed: capacity
[10-04 03:17:48] create mhc-exp11-82462112 (v6e-1) in us-east5-b failed: capacity
[10-04 03:17:52] create mhc-exp11-83310128 (v6e-1) in us-east5-b failed: capacity
[10-04 03:17:53] create mhc-exp11-83456130 (v6e-1) in us-east5-b failed: capacity
[10-04 03:18:10] v6e-a-local-h4-lr1.4x-s1: done — exit 0 in 1271s on mhc-exp11-642934 (us-central1-b), val 4.1891, tok/s 86661, preempted 1x
[10-04 03:18:22] v6e-mhc-h1-lrhalf-s2: done — exit 0 in 1223s on mhc-exp11-642934 (us-central1-b), val 4.1342, tok/s 88926, preempted 1x
[10-04 03:18:25] v6e-mhc-h1-lr2x-s2: started on mhc-exp11-642934 chip 4
[10-04 03:18:26] v6e-a-global-h4-lr2x-s2: started on mhc-exp11-642934 chip 6
[10-04 03:18:37] create mhc-exp11-82462112 (v6e-1) in us-east5-c failed: quota (Quota limit 'TPUV6EPreemptiblePerProjectPerZoneForTPUAPI' has been exceeded. Limit: 0 in zone us-east5-c.)
[10-04 03:18:39] create mhc-exp11-83456130 (v6e-1) in us-east5-c failed: quota (Quota limit 'TPUV6EPreemptiblePerProjectPerZoneForTPUAPI' has been exceeded. Limit: 0 in zone us-east5-c.)
[10-04 03:18:39] create mhc-exp11-83310128 (v6e-1) in us-east5-c failed: quota (Quota limit 'TPUV6EPreemptiblePerProjectPerZoneForTPUAPI' has been exceeded. Limit: 0 in zone us-east5-c.)
[10-04 03:19:29] status: 125/181 done, 47 queued, 9 running on 2 VMs, spent $87.28
[10-04 03:19:40] create mhc-exp11-od83969140 (v6e-4, on-demand) in us-central1-b failed: User does not have permission to submit requests for accelerator type \
[10-04 03:20:28] create mhc-exp11-83969137 (v6e-8) in asia-southeast1-b failed: capacity
[10-04 03:20:28] create mhc-exp11-od83969140 (v6e-4, on-demand) in asia-southeast1-b failed: capacity
[10-04 03:20:44] create mhc-exp11-83969138 (v6e-8) in asia-southeast1-b failed: an internal error has occurred
[10-04 03:20:59] create mhc-exp11-od84051141 (v6e-8, on-demand) in us-south1-a failed: capacity
[10-04 03:21:09] create mhc-exp11-od84051141 (v6e-8, on-demand) in us-south1-c failed: capacity
[10-04 03:21:12] create mhc-exp11-83969138 (v6e-8) in us-central1-a failed: capacity
[10-04 03:21:18] create mhc-exp11-83969137 (v6e-8) in us-central1-a failed: capacity
[10-04 03:21:39] create mhc-exp11-83969139 (v6e-8) in asia-southeast1-b failed: capacity
[10-04 03:21:47] create mhc-exp11-83969139 (v6e-8) in us-south1-a failed: capacity
[10-04 03:21:54] create mhc-exp11-83969138 (v6e-8) in us-central1-b failed: quota (Quota limit 'TPUV6EPreemptiblePerProjectPerZoneForTPUAPI' has been exceeded. Limit: 16 in zone us-central1-b.)
[10-04 03:22:02] create mhc-exp11-83969138 (v6e-8) in us-central1-c failed: capacity
[10-04 03:22:03] create mhc-exp11-83969137 (v6e-8) in us-central1-b failed: quota (Quota limit 'TPUV6EPreemptiblePerProjectPerZoneForTPUAPI' has been exceeded. Limit: 16 in zone us-central1-b.)
[10-04 03:22:48] create mhc-exp11-83969138 (v6e-8) in us-south1-c failed: an internal error has occurred
[10-04 03:22:49] create mhc-exp11-83969139 (v6e-8) in us-south1-c failed: an internal error has occurred
[10-04 03:23:25] create mhc-exp11-od84177143 (v6e-8, on-demand) in us-central1-b failed: User does not have permission to submit requests for accelerator type \
[10-04 03:23:55] create mhc-exp11-83969137 (v6e-8) in us-south1-c failed: an internal error has occurred
[10-04 03:24:12] v6e-a-global-h4-lr0.7x-s2: done — exit 0 in 1247s on mhc-exp11-642934 (us-central1-b), val 4.1314, tok/s 88295, preempted 0x
[10-04 03:24:15] v6e-ctrl-mlp1216-lr2x-s2: started on mhc-exp11-642934 chip 7
[10-04 03:24:32] create mhc-exp11-83969138 (v6e-8) in us-east5-a failed: capacity
[10-04 03:24:34] create mhc-exp11-83969139 (v6e-8) in us-east5-a failed: capacity
[10-04 03:25:12] create mhc-exp11-83969138 (v6e-8) in us-east5-c failed: quota (Quota limit 'TPUV6EPreemptiblePerProjectPerZoneForTPUAPI' has been exceeded. Limit: 0 in zone us-east5-c.)
[10-04 03:25:15] create mhc-exp11-83969139 (v6e-8) in us-east5-c failed: quota (Quota limit 'TPUV6EPreemptiblePerProjectPerZoneForTPUAPI' has been exceeded. Limit: 0 in zone us-east5-c.)
[10-04 03:25:27] create mhc-exp11-od84318145 (v6e-4, on-demand) in us-central1-b failed: User does not have permission to submit requests for accelerator type \
[10-04 03:25:41] create mhc-exp11-83969137 (v6e-8) in us-east5-a failed: capacity
[10-04 03:25:59] create mhc-exp11-83969139 (v6e-4) in asia-southeast1-b failed: capacity
[10-04 03:26:12] create mhc-exp11-83969138 (v6e-4) in asia-southeast1-b failed: capacity
[10-04 03:26:46] create mhc-exp11-83969138 (v6e-4) in us-central1-a failed: capacity
[10-04 03:26:49] create mhc-exp11-83969139 (v6e-4) in us-central1-a failed: capacity
[10-04 03:27:04] create mhc-exp11-83969137 (v6e-4) in asia-southeast1-b failed: capacity
[10-04 03:27:13] create mhc-exp11-83969137 (v6e-4) in us-south1-a failed: capacity
[10-04 03:27:36] create mhc-exp11-83969139 (v6e-4) in us-central1-b failed: quota (Quota limit 'TPUV6EPreemptiblePerProjectPerZoneForTPUAPI' has been exceeded. Limit: 16 in zone us-central1-b.)
[10-04 03:27:45] create mhc-exp11-83969139 (v6e-4) in us-central1-c failed: capacity
[10-04 03:27:47] create mhc-exp11-83969137 (v6e-4) in us-south1-c failed: an internal error has occurred
[10-04 03:28:23] create mhc-exp11-83969137 (v6e-4) in us-east5-a failed: capacity
[10-04 03:28:38] v6e-ctrl-mlp1216-lr0.7x-s2: done — exit 0 in 1233s on mhc-exp11-642934 (us-central1-b), val 4.1048, tok/s 87818, preempted 0x
[10-04 03:28:41] v6e-a-local-h4-lr2x-s2: started on mhc-exp11-642934 chip 1
[10-04 03:28:50] create mhc-exp11-83969139 (v6e-4) in us-south1-c failed: an internal error has occurred
[10-04 03:28:51] create mhc-exp11-od84521148 (v6e-8, on-demand) in us-central1-b failed: User does not have permission to submit requests for accelerator type \
[10-04 03:29:11] create mhc-exp11-83969137 (v6e-4) in us-east5-c failed: quota (Quota limit 'TPUV6EPreemptiblePerProjectPerZoneForTPUAPI' has been exceeded. Limit: 0 in zone us-east5-c.)
[10-04 03:29:32] create mhc-exp11-83969139 (v6e-4) in us-east5-c failed: quota (Quota limit 'TPUV6EPreemptiblePerProjectPerZoneForTPUAPI' has been exceeded. Limit: 0 in zone us-east5-c.)
[10-04 03:30:07] create mhc-exp11-83969137 (v6e-1) in asia-southeast1-b failed: capacity
[10-04 03:30:29] create mhc-exp11-od84585149 (v6e-8, on-demand) in asia-southeast1-b failed: capacity
[10-04 03:30:40] create mhc-exp11-od84585149 (v6e-4, on-demand) in us-south1-a failed: capacity
[10-04 03:30:45] create mhc-exp11-od84585149 (v6e-4, on-demand) in us-south1-c failed: capacity
[10-04 03:30:49] create mhc-exp11-83969139 (v6e-1) in asia-southeast1-b failed: capacity
[10-04 03:30:52] create mhc-exp11-83969137 (v6e-1) in us-central1-a failed: capacity
[10-04 03:30:54] create mhc-exp11-83969139 (v6e-1) in us-south1-a failed: capacity
[10-04 03:30:59] v6e-a-local-h4-lr0.7x-s2: done — exit 0 in 1264s on mhc-exp11-642934 (us-central1-b), val 4.1425, tok/s 87160, preempted 0x
[10-04 03:31:02] v6e-mhc-h1-conn0.25-s0: started on mhc-exp11-642934 chip 3
[10-04 03:31:16] create mhc-exp11-83969138 (v6e-4) in us-central1-b failed: an internal error has occurred
[10-04 03:31:56] create mhc-exp11-83969139 (v6e-1) in us-south1-c failed: an internal error has occurred
[10-04 03:32:32] create mhc-exp11-od84744151 (v6e-8, on-demand) in us-central1-a failed: capacity
[10-04 03:32:37] create mhc-exp11-od84744151 (v6e-8, on-demand) in us-central1-c failed: capacity
[10-04 03:32:45] create mhc-exp11-od84744151 (v6e-4, on-demand) in us-central1-a failed: capacity
[10-04 03:32:53] create mhc-exp11-od84744151 (v6e-4, on-demand) in us-central1-b failed: User does not have permission to submit requests for accelerator type \
[10-04 03:33:00] create mhc-exp11-od84744151 (v6e-4, on-demand) in us-central1-c failed: capacity
[10-04 03:33:17] create mhc-exp11-83969139 (v6e-1) in us-east5-a failed: capacity
[10-04 03:33:43] create mhc-exp11-83969138 (v6e-4) in us-east5-b failed: capacity
[10-04 03:34:30] status: 128/181 done, 44 queued, 9 running on 2 VMs, spent $89.99
[10-04 03:35:45] v6e-mhc-h1-lr1.4x-s2: done — exit 0 in 1457s on mhc-exp11-82553115 (us-central1-b), val 4.2317, tok/s 73966, preempted 0x
[10-04 03:35:47] v6e-mhc-h1-conn0.25-lr1.4x-s0: started on mhc-exp11-82553115 chip 0
[10-04 03:36:25] create mhc-exp11-83969137 (v6e-1) in us-central1-b failed: an internal error has occurred
[10-04 03:36:32] create mhc-exp11-83969137 (v6e-1) in us-central1-c failed: capacity
[10-04 03:36:37] create mhc-exp11-od84947154 (v6e-4, on-demand) in asia-southeast1-b failed: capacity
[10-04 03:37:02] v6e-a-global-h4-lr1.4x-s2: done — exit 0 in 1269s on mhc-exp11-642934 (us-central1-b), val 4.1617, tok/s 87887, preempted 0x
[10-04 03:37:14] v6e-ctrl-mlp1216-lr1.4x-s2: done — exit 0 in 1200s on mhc-exp11-642934 (us-central1-b), val 4.2049, tok/s 90702, preempted 0x
[10-04 03:37:17] v6e-mhc-h1-conn0.25-lr2x-s0: started on mhc-exp11-642934 chip 2
[10-04 03:37:18] create mhc-exp11-83969137 (v6e-1) in us-east5-b failed: capacity
[10-04 03:37:18] v6e-mhc-h1-conn0.25-s1: started on mhc-exp11-642934 chip 5
[10-04 03:37:24] create mhc-exp11-83969139 (v6e-1) in us-east5-b failed: capacity
[10-04 03:37:24] create mhc-exp11-od85038155 (v6e-8, on-demand) in us-central1-b failed: User does not have permission to submit requests for accelerator type \
[10-04 03:37:30] create mhc-exp11-od85038155 (v6e-8, on-demand) in us-south1-a failed: capacity
[10-04 03:37:40] create mhc-exp11-od85038155 (v6e-8, on-demand) in us-south1-c failed: capacity
[10-04 03:38:06] create mhc-exp11-83969137 (v6e-1) in us-east5-c failed: quota (Quota limit 'TPUV6EPreemptiblePerProjectPerZoneForTPUAPI' has been exceeded. Limit: 0 in zone us-east5-c.)
[10-04 03:38:09] create mhc-exp11-83969139 (v6e-1) in us-east5-c failed: quota (Quota limit 'TPUV6EPreemptiblePerProjectPerZoneForTPUAPI' has been exceeded. Limit: 0 in zone us-east5-c.)
[10-04 03:38:31] create mhc-exp11-od85102157 (v6e-4, on-demand) in us-central1-b failed: User does not have permission to submit requests for accelerator type \
[10-04 03:39:08] create mhc-exp11-85102156 (v6e-8) in asia-southeast1-b failed: capacity
[10-04 03:39:08] create mhc-exp11-85102158 (v6e-8) in asia-southeast1-b failed: capacity
[10-04 03:39:15] create mhc-exp11-85102158 (v6e-8) in us-south1-a failed: capacity
[10-04 03:39:37] v6e-a-local-h4-lr1.4x-s2: done — exit 0 in 1255s on mhc-exp11-642934 (us-central1-b), val 4.1965, tok/s 87588, preempted 0x
[10-04 03:39:40] v6e-mhc-h1-conn0.25-lr1.4x-s1: started on mhc-exp11-642934 chip 0
[10-04 03:39:49] create mhc-exp11-85102158 (v6e-8) in us-south1-c failed: an internal error has occurred
[10-04 03:39:52] create mhc-exp11-85102156 (v6e-8) in us-central1-a failed: capacity
[10-04 03:40:39] create mhc-exp11-85102156 (v6e-8) in us-central1-b failed: quota (Quota limit 'TPUV6EPreemptiblePerProjectPerZoneForTPUAPI' has been exceeded. Limit: 16 in zone us-central1-b.)
[10-04 03:40:46] create mhc-exp11-85102156 (v6e-8) in us-central1-c failed: capacity
[10-04 03:40:54] v6e-mhc-h1-lr2x-s2: done — exit 0 in 1252s on mhc-exp11-642934 (us-central1-b), val 4.9678, tok/s 87479, preempted 0x
[10-04 03:41:01] create mhc-exp11-83969138 (v6e-1) in us-central1-b failed: an internal error has occurred
[10-04 03:41:07] v6e-a-global-h4-lr2x-s2: done — exit 0 in 1257s on mhc-exp11-642934 (us-central1-b), val 4.8633, tok/s 88038, preempted 0x
[10-04 03:41:10] v6e-mhc-h1-conn0.25-lr2x-s1: started on mhc-exp11-642934 chip 4
[10-04 03:41:11] v6e-mhc-h1-conn0.25-s2: started on mhc-exp11-642934 chip 6
[10-04 03:41:49] create mhc-exp11-83969138 (v6e-1) in us-south1-c failed: an internal error has occurred
[10-04 03:42:29] create mhc-exp11-85102156 (v6e-8) in us-east5-a failed: capacity
[10-04 03:43:16] create mhc-exp11-85334162 (v6e-8) in us-east5-a failed: capacity
[10-04 03:43:45] create mhc-exp11-od85415163 (v6e-8, on-demand) in us-central1-b failed: User does not have permission to submit requests for accelerator type \
[10-04 03:43:54] create mhc-exp11-od85415163 (v6e-4, on-demand) in us-central1-b failed: User does not have permission to submit requests for accelerator type \
[10-04 03:43:56] create mhc-exp11-85334162 (v6e-8) in us-east5-b failed: quota (Quota limit 'TPUV6EPreemptiblePerProjectPerZoneForTPUAPI' has been exceeded. Limit: 16 in zone us-east5-b.)
[10-04 03:44:33] create mhc-exp11-85102156 (v6e-8) in us-east5-b failed: capacity
[10-04 03:44:40] create mhc-exp11-85102158 (v6e-8) in us-east5-b failed: capacity
[10-04 03:44:42] create mhc-exp11-85334162 (v6e-8) in us-east5-c failed: quota (Quota limit 'TPUV6EPreemptiblePerProjectPerZoneForTPUAPI' has been exceeded. Limit: 0 in zone us-east5-c.)
[10-04 03:45:18] create mhc-exp11-85102156 (v6e-8) in us-east5-c failed: quota (Quota limit 'TPUV6EPreemptiblePerProjectPerZoneForTPUAPI' has been exceeded. Limit: 0 in zone us-east5-c.)
[10-04 03:45:22] create mhc-exp11-85102158 (v6e-8) in us-east5-c failed: quota (Quota limit 'TPUV6EPreemptiblePerProjectPerZoneForTPUAPI' has been exceeded. Limit: 0 in zone us-east5-c.)
[10-04 03:45:39] create mhc-exp11-85334162 (v6e-4) in asia-southeast1-b failed: capacity
[10-04 03:45:53] v6e-ctrl-mlp1216-lr2x-s2: done — exit 0 in 1215s on mhc-exp11-642934 (us-central1-b), val 5.1782, tok/s 89689, preempted 0x
[10-04 03:45:56] v6e-mhc-h1-conn0.25-lr1.4x-s2: started on mhc-exp11-642934 chip 7
[10-04 03:46:06] create mhc-exp11-85102158 (v6e-4) in asia-southeast1-b failed: capacity
[10-04 03:46:15] create mhc-exp11-85102156 (v6e-4) in asia-southeast1-b failed: capacity
[10-04 03:46:22] create mhc-exp11-85102156 (v6e-4) in us-south1-a failed: capacity
[10-04 03:46:26] create mhc-exp11-85334162 (v6e-4) in us-central1-a failed: capacity
[10-04 03:46:33] create mhc-exp11-od85556165 (v6e-8, on-demand) in asia-southeast1-b failed: capacity
[10-04 03:46:39] create mhc-exp11-od85556165 (v6e-4, on-demand) in us-south1-a failed: capacity
[10-04 03:46:44] create mhc-exp11-od85556165 (v6e-4, on-demand) in us-south1-c failed: capacity
[10-04 03:46:48] create mhc-exp11-85102156 (v6e-4) in us-south1-c failed: an internal error has occurred
[10-04 03:46:52] create mhc-exp11-85102158 (v6e-4) in us-central1-a failed: capacity
[10-04 03:47:34] create mhc-exp11-85102158 (v6e-4) in us-central1-b failed: quota (Quota limit 'TPUV6EPreemptiblePerProjectPerZoneForTPUAPI' has been exceeded. Limit: 16 in zone us-central1-b.)
[10-04 03:47:43] create mhc-exp11-85102158 (v6e-4) in us-central1-c failed: capacity
[10-04 03:47:52] create mhc-exp11-85102156 (v6e-4) in us-east5-a failed: capacity
[10-04 03:48:09] create mhc-exp11-od85682167 (v6e-8, on-demand) in us-central1-a failed: capacity
[10-04 03:48:17] create mhc-exp11-od85682167 (v6e-8, on-demand) in us-central1-c failed: capacity
[10-04 03:48:28] create mhc-exp11-od85682167 (v6e-4, on-demand) in us-central1-a failed: capacity
[10-04 03:48:33] create mhc-exp11-od85682167 (v6e-4, on-demand) in us-central1-c failed: capacity
[10-04 03:48:39] create mhc-exp11-85102156 (v6e-4) in us-east5-c failed: quota (Quota limit 'TPUV6EPreemptiblePerProjectPerZoneForTPUAPI' has been exceeded. Limit: 0 in zone us-east5-c.)
[10-04 03:49:05] create mhc-exp11-85102158 (v6e-4) in us-east5-a failed: capacity
[10-04 03:49:14] create mhc-exp11-od85746168 (v6e-8, on-demand) in us-central1-b failed: User does not have permission to submit requests for accelerator type \
[10-04 03:49:24] create mhc-exp11-od85746168 (v6e-4, on-demand) in us-central1-b failed: User does not have permission to submit requests for accelerator type \
[10-04 03:49:36] create mhc-exp11-85102156 (v6e-1) in asia-southeast1-b failed: capacity
[10-04 03:50:09] status: 135/181 done, 37 queued, 9 running on 2 VMs, spent $92.81
[10-04 03:50:21] create mhc-exp11-85102156 (v6e-1) in us-central1-a failed: capacity
[10-04 03:51:24] v6e-a-local-h4-lr2x-s2: done — exit 0 in 1276s on mhc-exp11-642934 (us-central1-b), val 4.8955, tok/s 86020, preempted 0x
[10-04 03:51:26] v6e-mhc-h1-conn0.25-lr2x-s2: started on mhc-exp11-642934 chip 1
[10-04 03:51:51] create mhc-exp11-85102158 (v6e-4) in us-east5-b failed: capacity
[10-04 03:51:56] create mhc-exp11-85102158 (v6e-1) in us-south1-a failed: capacity
[10-04 03:52:41] v6e-mhc-h1-conn0.25-s0: done — exit 0 in 1220s on mhc-exp11-642934 (us-central1-b), val 4.1603, tok/s 89292, preempted 0x
[10-04 03:52:44] v6e-a-global-h4-conn4-lr2x-s0: started on mhc-exp11-642934 chip 3
[10-04 03:52:49] create mhc-exp11-od85964171 (v6e-8, on-demand) in us-south1-a failed: capacity
[10-04 03:52:54] create mhc-exp11-od85964171 (v6e-8, on-demand) in us-south1-c failed: capacity
[10-04 03:52:58] create mhc-exp11-85102158 (v6e-1) in us-south1-c failed: an internal error has occurred
[10-04 03:53:38] create mhc-exp11-od85964171 (v6e-4, on-demand) in asia-southeast1-b failed: capacity
[10-04 03:53:45] create mhc-exp11-85102158 (v6e-1) in us-east5-a failed: capacity
[10-04 03:54:22] create mhc-exp11-85334162 (v6e-4) in us-central1-b failed: an internal error has occurred
[10-04 03:54:48] create mhc-exp11-85334162 (v6e-4) in us-south1-c failed: an internal error has occurred
[10-04 03:55:06] create mhc-exp11-85102158 (v6e-1) in us-east5-b failed: capacity
[10-04 03:56:02] create mhc-exp11-85102158 (v6e-1) in us-east5-c failed: quota (Quota limit 'TPUV6EPreemptiblePerProjectPerZoneForTPUAPI' has been exceeded. Limit: 0 in zone us-east5-c.)
[10-04 03:57:13] create mhc-exp11-86173174 (v6e-8) in asia-southeast1-b failed: capacity
[10-04 03:57:19] create mhc-exp11-86173174 (v6e-8) in us-south1-a failed: capacity
[10-04 03:57:52] create mhc-exp11-86173174 (v6e-8) in us-south1-c failed: an internal error has occurred
[10-04 03:59:09] create mhc-exp11-86300178 (v6e-8) in us-east5-a failed: capacity
[10-04 03:59:19] create mhc-exp11-85334162 (v6e-1) in us-central1-b failed: an internal error has occurred
[10-04 03:59:22] create mhc-exp11-85102156 (v6e-1) in us-central1-b failed: an internal error has occurred
[10-04 03:59:26] create mhc-exp11-85334162 (v6e-1) in us-central1-c failed: capacity
[10-04 03:59:28] create mhc-exp11-85102156 (v6e-1) in us-central1-c failed: capacity
[10-04 03:59:34] v6e-mhc-h1-conn0.25-lr2x-s0: done — exit 0 in 1223s on mhc-exp11-642934 (us-central1-b), val 5.1261, tok/s 89358, preempted 0x
[10-04 03:59:47] v6e-mhc-h1-conn0.25-s1: done — exit 0 in 1221s on mhc-exp11-642934 (us-central1-b), val 4.1375, tok/s 89371, preempted 0x
[10-04 03:59:49] v6e-a-global-h4-conn4-lr2x-s1: started on mhc-exp11-642934 chip 2
[10-04 03:59:50] create mhc-exp11-85334162 (v6e-1) in us-south1-c failed: an internal error has occurred
[10-04 03:59:51] v6e-a-global-h4-conn4-lr2x-s2: started on mhc-exp11-642934 chip 5
[10-04 03:59:52] create mhc-exp11-85102156 (v6e-1) in us-south1-c failed: an internal error has occurred
[10-04 03:59:56] create mhc-exp11-od86391179 (v6e-8, on-demand) in us-central1-b failed: User does not have permission to submit requests for accelerator type \
[10-04 03:59:56] create mhc-exp11-86300178 (v6e-1) in us-south1-c failed: an internal error has occurred
[10-04 04:00:02] create mhc-exp11-od86391179 (v6e-4, on-demand) in us-central1-b failed: User does not have permission to submit requests for accelerator type \
[10-04 04:01:05] v6e-mhc-h1-conn0.25-lr1.4x-s0: done — exit 0 in 1441s on mhc-exp11-82553115 (us-central1-b), val 4.1987, tok/s 74753, preempted 0x
[10-04 04:01:06] v6e-mhc-h1-conn0.25-lr1.4x-s1: done — exit 0 in 1201s on mhc-exp11-642934 (us-central1-b), val 4.1684, tok/s 90674, preempted 0x
[10-04 04:01:08] v6e-residual-lrhalf-s0: started on mhc-exp11-82553115 chip 0
[10-04 04:01:08] v6e-residual-lr0.7x-s0: started on mhc-exp11-642934 chip 0
[10-04 04:01:56] create mhc-exp11-86468182 (v6e-8) in us-central1-a failed: capacity
[10-04 04:01:57] create mhc-exp11-86468181 (v6e-8) in us-central1-a failed: capacity
[10-04 04:02:24] v6e-mhc-h1-conn0.25-lr2x-s1: done — exit 0 in 1213s on mhc-exp11-642934 (us-central1-b), val 4.8790, tok/s 89620, preempted 0x
[10-04 04:02:27] v6e-residual-lr1.4x-s0: started on mhc-exp11-642934 chip 4
[10-04 04:02:40] create mhc-exp11-86468182 (v6e-8) in us-central1-b failed: quota (Quota limit 'TPUV6EPreemptiblePerProjectPerZoneForTPUAPI' has been exceeded. Limit: 16 in zone us-central1-b.)
[10-04 04:02:41] create mhc-exp11-86468181 (v6e-8) in us-central1-b failed: quota (Quota limit 'TPUV6EPreemptiblePerProjectPerZoneForTPUAPI' has been exceeded. Limit: 16 in zone us-central1-b.)
[10-04 04:02:46] create mhc-exp11-86468182 (v6e-8) in us-central1-c failed: capacity
[10-04 04:02:46] create mhc-exp11-86468181 (v6e-8) in us-central1-c failed: capacity
[10-04 04:03:11] create mhc-exp11-od86547184 (v6e-8, on-demand) in asia-southeast1-b failed: capacity
[10-04 04:03:20] create mhc-exp11-od86547184 (v6e-4, on-demand) in us-south1-a failed: capacity
[10-04 04:03:25] create mhc-exp11-od86547184 (v6e-4, on-demand) in us-south1-c failed: capacity
[10-04 04:03:36] create mhc-exp11-86468181 (v6e-8) in us-east5-b failed: quota (Quota limit 'TPUV6EPreemptiblePerProjectPerZoneForTPUAPI' has been exceeded. Limit: 16 in zone us-east5-b.)
[10-04 04:03:41] v6e-mhc-h1-conn0.25-s2: done — exit 0 in 1241s on mhc-exp11-642934 (us-central1-b), val 4.1551, tok/s 87749, preempted 0x
[10-04 04:03:44] v6e-residual-lrhalf-s1: started on mhc-exp11-642934 chip 6
[10-04 04:03:49] create mhc-exp11-od86624185 (v6e-8, on-demand) in us-central1-a failed: capacity
[10-04 04:03:58] create mhc-exp11-od86624185 (v6e-8, on-demand) in us-central1-c failed: capacity
[10-04 04:04:07] create mhc-exp11-od86624185 (v6e-4, on-demand) in us-central1-a failed: capacity
[10-04 04:04:15] create mhc-exp11-od86624185 (v6e-4, on-demand) in us-central1-c failed: capacity
[10-04 04:04:20] create mhc-exp11-86468181 (v6e-8) in us-east5-c failed: quota (Quota limit 'TPUV6EPreemptiblePerProjectPerZoneForTPUAPI' has been exceeded. Limit: 0 in zone us-east5-c.)
[10-04 04:05:05] create mhc-exp11-86468181 (v6e-4) in asia-southeast1-b failed: capacity
[10-04 04:05:08] create mhc-exp11-86468182 (v6e-8) in us-east5-b failed: capacity
[10-04 04:05:11] create mhc-exp11-od86706186 (v6e-8, on-demand) in us-central1-b failed: User does not have permission to submit requests for accelerator type \
[10-04 04:05:14] create mhc-exp11-86468182 (v6e-4) in us-south1-a failed: capacity
[10-04 04:05:17] create mhc-exp11-86468181 (v6e-4) in us-central1-a failed: capacity
[10-04 04:05:19] create mhc-exp11-86468183 (v6e-8) in us-east5-b failed: capacity
[10-04 04:05:23] create mhc-exp11-od86706186 (v6e-4, on-demand) in us-central1-b failed: User does not have permission to submit requests for accelerator type \
[10-04 04:05:53] create mhc-exp11-86468183 (v6e-4) in us-south1-c failed: an internal error has occurred
[10-04 04:06:00] create mhc-exp11-86468182 (v6e-4) in us-south1-c failed: an internal error has occurred
[10-04 04:06:10] status: 143/181 done, 29 queued, 9 running on 2 VMs, spent $95.69
[10-04 04:07:22] create mhc-exp11-86468182 (v6e-4) in us-east5-a failed: capacity
[10-04 04:07:24] v6e-mhc-h1-conn0.25-lr1.4x-s2: done — exit 0 in 1218s on mhc-exp11-642934 (us-central1-b), val 4.1786, tok/s 89061, preempted 0x
[10-04 04:07:37] v6e-residual-lr0.7x-s0: done — exit 0 in 350s on mhc-exp11-642934 (us-central1-b), val 4.1951, tok/s 312554, preempted 0x
[10-04 04:07:37] create mhc-exp11-86468183 (v6e-4) in us-east5-a failed: capacity
[10-04 04:07:39] v6e-residual-lr0.7x-s1: started on mhc-exp11-642934 chip 0
[10-04 04:07:41] v6e-residual-lr1.4x-s1: started on mhc-exp11-642934 chip 7
[10-04 04:08:36] create mhc-exp11-86468183 (v6e-4) in us-east5-b failed: capacity
[10-04 04:08:44] create mhc-exp11-86468182 (v6e-4) in us-east5-b failed: capacity
[10-04 04:08:55] v6e-residual-lrhalf-s0: done — exit 0 in 405s on mhc-exp11-82553115 (us-central1-b), val 4.1986, tok/s 262032, preempted 0x
[10-04 04:08:55] v6e-residual-lr1.4x-s0: done — exit 0 in 345s on mhc-exp11-642934 (us-central1-b), val 4.2513, tok/s 315207, preempted 0x
[10-04 04:08:57] v6e-residual-lrhalf-s2: started on mhc-exp11-82553115 chip 0
[10-04 04:08:58] v6e-residual-lr0.7x-s2: started on mhc-exp11-642934 chip 4
[10-04 04:09:05] create mhc-exp11-86468181 (v6e-4) in us-central1-b failed: an internal error has occurred
[10-04 04:09:07] create mhc-exp11-od86938189 (v6e-8, on-demand) in us-south1-a failed: capacity
[10-04 04:09:12] create mhc-exp11-od86938189 (v6e-8, on-demand) in us-south1-c failed: capacity
[10-04 04:09:12] create mhc-exp11-86468181 (v6e-4) in us-central1-c failed: capacity
[10-04 04:09:22] create mhc-exp11-86468183 (v6e-4) in us-east5-c failed: quota (Quota limit 'TPUV6EPreemptiblePerProjectPerZoneForTPUAPI' has been exceeded. Limit: 0 in zone us-east5-c.)
[10-04 04:09:30] create mhc-exp11-86468182 (v6e-4) in us-east5-c failed: quota (Quota limit 'TPUV6EPreemptiblePerProjectPerZoneForTPUAPI' has been exceeded. Limit: 0 in zone us-east5-c.)
[10-04 04:09:55] create mhc-exp11-86468181 (v6e-4) in us-east5-c failed: quota (Quota limit 'TPUV6EPreemptiblePerProjectPerZoneForTPUAPI' has been exceeded. Limit: 0 in zone us-east5-c.)
[10-04 04:10:10] create mhc-exp11-od86938189 (v6e-4, on-demand) in asia-southeast1-b failed: capacity
[10-04 04:10:12] v6e-residual-lrhalf-s1: done — exit 0 in 346s on mhc-exp11-642934 (us-central1-b), val 4.2068, tok/s 312776, preempted 0x
[10-04 04:10:15] v6e-residual-lr1.4x-s2: started on mhc-exp11-642934 chip 6
[10-04 04:10:15] create mhc-exp11-86468182 (v6e-1) in asia-southeast1-b failed: capacity
[10-04 04:10:18] create mhc-exp11-86468183 (v6e-1) in asia-southeast1-b failed: an internal error has occurred
[10-04 04:10:49] create mhc-exp11-86468182 (v6e-1) in us-central1-a failed: capacity
[10-04 04:10:51] create mhc-exp11-86468181 (v6e-1) in asia-southeast1-b failed: capacity
[10-04 04:10:53] create mhc-exp11-86468183 (v6e-1) in us-central1-a failed: capacity
[10-04 04:10:56] create mhc-exp11-86468181 (v6e-1) in us-south1-a failed: capacity
[10-04 04:11:59] create mhc-exp11-86468181 (v6e-1) in us-south1-c failed: an internal error has occurred
[10-04 04:12:49] adopted mhc-exp11-82553115 (us-central1-b): running ['v6e-residual-lrhalf-s2']
[10-04 04:12:50] adopted mhc-exp11-642934 (us-central1-b): running ['v6e-a-global-h4-conn4-lr2x-s0', 'v6e-a-global-h4-conn4-lr2x-s1', 'v6e-a-global-h4-conn4-lr2x-s2', 'v6e-mhc-h1-conn0.25-lr2x-s2', 'v6e-residual-lr0.7x-s1', 'v6e-residual-lr0.7x-s2', 'v6e-residual-lr1.4x-s1', 'v6e-residual-lr1.4x-s2']
[10-04 04:13:10] v6e-mhc-h1-conn0.25-lr2x-s2: done — exit 0 in 1240s on mhc-exp11-642934 (us-central1-b), val 5.2192, tok/s 88537, preempted 0x
[10-04 04:13:22] v6e-d768-residual-lr7.5e-4-s0: started on mhc-exp11-642934 chip 1
[10-04 04:13:22] status: 149/193 done, 35 queued, 9 running on 2 VMs, spent $96.99
[10-04 04:13:29] create mhc-exp11-od872021 (v6e-8, on-demand) in us-central1-a failed: capacity
[10-04 04:13:34] create mhc-exp11-od872021 (v6e-8, on-demand) in us-central1-b failed: User does not have permission to submit requests for accelerator type \
[10-04 04:13:43] create mhc-exp11-od872021 (v6e-8, on-demand) in us-central1-c failed: capacity
[10-04 04:13:53] create mhc-exp11-od872021 (v6e-8, on-demand) in us-south1-a failed: capacity
[10-04 04:13:58] create mhc-exp11-od872021 (v6e-8, on-demand) in us-south1-c failed: capacity
[10-04 04:14:10] create mhc-exp11-872024 (v6e-8) in asia-southeast1-b failed: capacity
[10-04 04:14:10] create mhc-exp11-872023 (v6e-8) in asia-southeast1-b failed: capacity
[10-04 04:14:18] create mhc-exp11-872023 (v6e-8) in us-central1-a failed: capacity
[10-04 04:14:21] create mhc-exp11-872024 (v6e-8) in us-central1-a failed: capacity
[10-04 04:14:37] v6e-residual-lr0.7x-s1: done — exit 0 in 348s on mhc-exp11-642934 (us-central1-b), val 4.1805, tok/s 311062, preempted 0x
[10-04 04:14:41] create mhc-exp11-872022 (v6e-8) in asia-southeast1-b failed: capacity
[10-04 04:14:42] create mhc-exp11-od872021 (v6e-8, on-demand) in asia-southeast1-b failed: capacity
[10-04 04:14:46] create mhc-exp11-872022 (v6e-8) in us-south1-a failed: capacity
[10-04 04:14:47] create mhc-exp11-od872021 (v6e-4, on-demand) in us-south1-a failed: capacity
[10-04 04:14:50] v6e-residual-lr1.4x-s1: done — exit 0 in 364s on mhc-exp11-642934 (us-central1-b), val 4.2396, tok/s 297462, preempted 0x
[10-04 04:14:52] create mhc-exp11-od872021 (v6e-4, on-demand) in us-south1-c failed: capacity
[10-04 04:14:53] v6e-d768-residual-lr1.06e-3-s0: started on mhc-exp11-642934 chip 0
[10-04 04:14:54] v6e-d768-residual-lr5.3e-4-s0: started on mhc-exp11-642934 chip 7
[10-04 04:15:01] create mhc-exp11-872023 (v6e-8) in us-central1-b failed: quota (Quota limit 'TPUV6EPreemptiblePerProjectPerZoneForTPUAPI' has been exceeded. Limit: 16 in zone us-central1-b.)
[10-04 04:15:08] create mhc-exp11-872024 (v6e-8) in us-central1-b failed: quota (Quota limit 'TPUV6EPreemptiblePerProjectPerZoneForTPUAPI' has been exceeded. Limit: 16 in zone us-central1-b.)
[10-04 04:15:10] create mhc-exp11-872023 (v6e-8) in us-central1-c failed: capacity
[10-04 04:15:16] create mhc-exp11-872024 (v6e-8) in us-central1-c failed: capacity
[10-04 04:15:35] create mhc-exp11-od872021 (v6e-4, on-demand) in asia-southeast1-b failed: capacity
[10-04 04:15:56] create mhc-exp11-872023 (v6e-8) in us-south1-c failed: an internal error has occurred
[10-04 04:16:09] v6e-residual-lrhalf-s2: done — exit 0 in 392s on mhc-exp11-82553115 (us-central1-b), val 4.1745, tok/s 271685, preempted 0x
[10-04 04:16:09] create mhc-exp11-872022 (v6e-8) in us-south1-c failed: an internal error has occurred
[10-04 04:16:10] v6e-a-global-h4-conn4-lr2x-s0: done — exit 0 in 1292s on mhc-exp11-642934 (us-central1-b), val 4.7683, tok/s 85974, preempted 0x
[10-04 04:16:11] v6e-d768-residual-s0: started on mhc-exp11-82553115 chip 0
[10-04 04:16:22] v6e-residual-lr0.7x-s2: done — exit 0 in 344s on mhc-exp11-642934 (us-central1-b), val 4.2041, tok/s 314788, preempted 0x
[10-04 04:16:23] create mhc-exp11-872023 (v6e-8) in us-east5-a failed: capacity
[10-04 04:16:25] v6e-d768-residual-lr7.5e-4-s1: started on mhc-exp11-642934 chip 3
[10-04 04:16:26] v6e-d768-residual-lr1.06e-3-s1: started on mhc-exp11-642934 chip 4
[10-04 04:16:37] create mhc-exp11-od873865 (v6e-4, on-demand) in us-central1-a failed: capacity
[10-04 04:16:45] create mhc-exp11-od873865 (v6e-4, on-demand) in us-central1-b failed: User does not have permission to submit requests for accelerator type \
[10-04 04:16:55] create mhc-exp11-od873865 (v6e-4, on-demand) in us-central1-c failed: capacity
[10-04 04:17:03] create mhc-exp11-872024 (v6e-8) in us-south1-c failed: an internal error has occurred
[10-04 04:17:32] create mhc-exp11-872022 (v6e-8) in us-east5-a failed: capacity
[10-04 04:17:40] v6e-residual-lr1.4x-s2: done — exit 0 in 342s on mhc-exp11-642934 (us-central1-b), val 4.2674, tok/s 317483, preempted 0x
[10-04 04:17:43] v6e-d768-residual-lr5.3e-4-s1: started on mhc-exp11-642934 chip 6
[10-04 04:18:24] create mhc-exp11-872023 (v6e-8) in us-east5-b failed: capacity
[10-04 04:18:27] create mhc-exp11-872024 (v6e-8) in us-east5-b failed: capacity
[10-04 04:18:51] create mhc-exp11-od875267 (v6e-8, on-demand) in us-central1-b failed: User does not have permission to submit requests for accelerator type \
[10-04 04:19:05] create mhc-exp11-872023 (v6e-8) in us-east5-c failed: quota (Quota limit 'TPUV6EPreemptiblePerProjectPerZoneForTPUAPI' has been exceeded. Limit: 0 in zone us-east5-c.)
[10-04 04:19:15] create mhc-exp11-872024 (v6e-8) in us-east5-c failed: quota (Quota limit 'TPUV6EPreemptiblePerProjectPerZoneForTPUAPI' has been exceeded. Limit: 0 in zone us-east5-c.)
[10-04 04:19:48] create mhc-exp11-872023 (v6e-4) in asia-southeast1-b failed: capacity
[10-04 04:20:23] create mhc-exp11-872023 (v6e-4) in us-central1-a failed: capacity
[10-04 04:20:31] create mhc-exp11-872024 (v6e-4) in asia-southeast1-b failed: capacity
[10-04 04:21:16] create mhc-exp11-872022 (v6e-8) in us-east5-b failed: capacity
[10-04 04:21:19] create mhc-exp11-872024 (v6e-4) in us-central1-b failed: quota (Quota limit 'TPUV6EPreemptiblePerProjectPerZoneForTPUAPI' has been exceeded. Limit: 16 in zone us-central1-b.)
[10-04 04:21:24] create mhc-exp11-872022 (v6e-4) in us-south1-a failed: capacity
[10-04 04:21:27] create mhc-exp11-872024 (v6e-4) in us-central1-c failed: capacity
[10-04 04:21:50] create mhc-exp11-872022 (v6e-4) in us-south1-c failed: an internal error has occurred
[10-04 04:21:52] create mhc-exp11-872024 (v6e-4) in us-south1-c failed: an internal error has occurred
[10-04 04:22:02] create mhc-exp11-od8771610 (v6e-4, on-demand) in us-central1-b failed: User does not have permission to submit requests for accelerator type \
[10-04 04:23:11] v6e-a-global-h4-conn4-lr2x-s1: done — exit 0 in 1264s on mhc-exp11-642934 (us-central1-b), val 4.8161, tok/s 88095, preempted 0x
[10-04 04:23:13] create mhc-exp11-872024 (v6e-4) in us-east5-a failed: capacity
[10-04 04:23:14] create mhc-exp11-872022 (v6e-4) in us-east5-a failed: capacity
[10-04 04:23:23] v6e-a-global-h4-conn4-lr2x-s2: done — exit 0 in 1269s on mhc-exp11-642934 (us-central1-b), val 4.7438, tok/s 87453, preempted 0x
[10-04 04:23:26] v6e-d768-residual-s1: started on mhc-exp11-642934 chip 2
[10-04 04:23:27] v6e-d768-residual-lr7.5e-4-s2: started on mhc-exp11-642934 chip 5
[10-04 04:24:12] create mhc-exp11-872023 (v6e-4) in us-central1-b failed: an internal error has occurred
[10-04 04:24:34] create mhc-exp11-872022 (v6e-4) in us-east5-b failed: capacity
[10-04 04:24:54] create mhc-exp11-872024 (v6e-4) in us-east5-b failed: capacity
[10-04 04:24:58] create mhc-exp11-od8788912 (v6e-8, on-demand) in us-central1-b failed: User does not have permission to submit requests for accelerator type \
[10-04 04:25:15] create mhc-exp11-872022 (v6e-4) in us-east5-c failed: quota (Quota limit 'TPUV6EPreemptiblePerProjectPerZoneForTPUAPI' has been exceeded. Limit: 0 in zone us-east5-c.)
[10-04 04:25:35] create mhc-exp11-872024 (v6e-4) in us-east5-c failed: quota (Quota limit 'TPUV6EPreemptiblePerProjectPerZoneForTPUAPI' has been exceeded. Limit: 0 in zone us-east5-c.)
[10-04 04:25:58] adopted mhc-exp11-82553115 (us-central1-b): running ['v6e-d768-residual-s0']
[10-04 04:26:00] adopted mhc-exp11-642934 (us-central1-b): running ['v6e-d768-residual-lr1.06e-3-s0', 'v6e-d768-residual-lr1.06e-3-s1', 'v6e-d768-residual-lr5.3e-4-s0', 'v6e-d768-residual-lr5.3e-4-s1', 'v6e-d768-residual-lr7.5e-4-s0', 'v6e-d768-residual-lr7.5e-4-s1', 'v6e-d768-residual-lr7.5e-4-s2', 'v6e-d768-residual-s1']
[10-04 04:26:20] status: 157/202 done, 36 queued, 9 running on 2 VMs, spent $99.33
[10-04 04:26:30] create mhc-exp11-od879801 (v6e-8, on-demand) in us-central1-a failed: capacity
[10-04 04:26:35] create mhc-exp11-od879801 (v6e-8, on-demand) in us-central1-b failed: User does not have permission to submit requests for accelerator type \
[10-04 04:26:44] create mhc-exp11-od879801 (v6e-8, on-demand) in us-central1-c failed: capacity
[10-04 04:26:54] create mhc-exp11-od879801 (v6e-8, on-demand) in us-south1-a failed: capacity
[10-04 04:26:59] create mhc-exp11-od879801 (v6e-8, on-demand) in us-south1-c failed: capacity
[10-04 04:27:20] create mhc-exp11-879804 (v6e-8) in asia-southeast1-b failed: capacity
[10-04 04:27:20] create mhc-exp11-879803 (v6e-8) in asia-southeast1-b failed: capacity
[10-04 04:27:35] v6e-d768-residual-lr7.5e-4-s0: done — exit 0 in 818s on mhc-exp11-642934 (us-central1-b), val 4.0159, tok/s 131785, preempted 0x
[10-04 04:27:38] v6e-d768-residual-lr1.06e-3-s2: started on mhc-exp11-642934 chip 1
[10-04 04:27:43] create mhc-exp11-od879801 (v6e-8, on-demand) in asia-southeast1-b failed: capacity
[10-04 04:27:48] create mhc-exp11-od879801 (v6e-4, on-demand) in us-south1-a failed: capacity
[10-04 04:27:52] create mhc-exp11-879804 (v6e-8) in us-central1-a failed: capacity
[10-04 04:27:53] create mhc-exp11-od879801 (v6e-4, on-demand) in us-south1-c failed: capacity
[10-04 04:28:04] create mhc-exp11-879803 (v6e-8) in us-central1-a failed: capacity
[10-04 04:28:17] create mhc-exp11-879802 (v6e-8) in asia-southeast1-b failed: capacity
[10-04 04:28:22] create mhc-exp11-879802 (v6e-8) in us-south1-a failed: capacity
[10-04 04:28:37] create mhc-exp11-879804 (v6e-8) in us-central1-b failed: quota (Quota limit 'TPUV6EPreemptiblePerProjectPerZoneForTPUAPI' has been exceeded. Limit: 16 in zone us-central1-b.)
[10-04 04:28:47] create mhc-exp11-879804 (v6e-8) in us-central1-c failed: capacity
[10-04 04:28:47] create mhc-exp11-879803 (v6e-8) in us-central1-b failed: quota (Quota limit 'TPUV6EPreemptiblePerProjectPerZoneForTPUAPI' has been exceeded. Limit: 16 in zone us-central1-b.)
[10-04 04:28:52] create mhc-exp11-od879801 (v6e-4, on-demand) in asia-southeast1-b failed: capacity
[10-04 04:28:52] v6e-d768-residual-lr1.06e-3-s0: done — exit 0 in 798s on mhc-exp11-642934 (us-central1-b), val 4.0019, tok/s 135101, preempted 0x
[10-04 04:28:56] create mhc-exp11-879802 (v6e-8) in us-south1-c failed: an internal error has occurred
[10-04 04:29:05] v6e-d768-residual-lr5.3e-4-s0: done — exit 0 in 811s on mhc-exp11-642934 (us-central1-b), val 4.0229, tok/s 132961, preempted 0x
[10-04 04:29:08] v6e-d768-residual-lr5.3e-4-s2: started on mhc-exp11-642934 chip 0
[10-04 04:29:09] v6e-d768-residual-s2: started on mhc-exp11-642934 chip 7
[10-04 04:29:17] create mhc-exp11-od881495 (v6e-4, on-demand) in us-central1-a failed: capacity
[10-04 04:29:25] create mhc-exp11-od881495 (v6e-4, on-demand) in us-central1-b failed: User does not have permission to submit requests for accelerator type \
[10-04 04:29:31] create mhc-exp11-od881495 (v6e-4, on-demand) in us-central1-c failed: capacity
[10-04 04:29:53] create mhc-exp11-879804 (v6e-8) in us-south1-c failed: an internal error has occurred
[10-04 04:29:53] create mhc-exp11-879803 (v6e-8) in us-south1-c failed: an internal error has occurred
[10-04 04:29:59] create mhc-exp11-879802 (v6e-8) in us-east5-a failed: capacity
[10-04 04:30:23] v6e-d768-residual-s0: done — exit 0 in 795s on mhc-exp11-82553115 (us-central1-b), val 4.1714, tok/s 134121, preempted 0x
[10-04 04:30:24] v6e-d768-residual-lr7.5e-4-s1: done — exit 0 in 814s on mhc-exp11-642934 (us-central1-b), val 4.0018, tok/s 134274, preempted 0x
[10-04 04:30:26] v6e-a-global-h4-pre-s0: started on mhc-exp11-82553115 chip 0
[10-04 04:30:26] v6e-a-global-h4-post-s0: started on mhc-exp11-642934 chip 3
[10-04 04:30:39] create mhc-exp11-879804 (v6e-8) in us-east5-a failed: capacity
[10-04 04:30:56] create mhc-exp11-879803 (v6e-8) in us-east5-a failed: capacity
[10-04 04:31:36] create mhc-exp11-879803 (v6e-8) in us-east5-b failed: quota (Quota limit 'TPUV6EPreemptiblePerProjectPerZoneForTPUAPI' has been exceeded. Limit: 16 in zone us-east5-b.)
[10-04 04:31:41] v6e-d768-residual-lr1.06e-3-s1: done — exit 0 in 817s on mhc-exp11-642934 (us-central1-b), val 4.0093, tok/s 133045, preempted 0x
[10-04 04:31:53] v6e-d768-residual-lr5.3e-4-s1: done — exit 0 in 806s on mhc-exp11-642934 (us-central1-b), val 4.0169, tok/s 133376, preempted 0x
[10-04 04:31:56] v6e-a-global-h4-res-s0: started on mhc-exp11-642934 chip 4
[10-04 04:31:57] v6e-a-global-h4-prepost-s0: started on mhc-exp11-642934 chip 6
[10-04 04:32:07] create mhc-exp11-od883177 (v6e-8, on-demand) in us-central1-b failed: User does not have permission to submit requests for accelerator type \
[10-04 04:32:22] create mhc-exp11-879803 (v6e-8) in us-east5-c failed: quota (Quota limit 'TPUV6EPreemptiblePerProjectPerZoneForTPUAPI' has been exceeded. Limit: 0 in zone us-east5-c.)
[10-04 04:32:22] create mhc-exp11-879804 (v6e-8) in us-east5-b failed: capacity
[10-04 04:32:24] create mhc-exp11-879802 (v6e-8) in us-east5-b failed: capacity
[10-04 04:33:19] create mhc-exp11-879804 (v6e-4) in asia-southeast1-b failed: capacity
[10-04 04:33:20] create mhc-exp11-879803 (v6e-4) in asia-southeast1-b failed: capacity
[10-04 04:33:21] create mhc-exp11-879802 (v6e-4) in asia-southeast1-b failed: an internal error has occurred
[10-04 04:33:28] create mhc-exp11-879802 (v6e-4) in us-south1-a failed: capacity
[10-04 04:33:52] create mhc-exp11-879802 (v6e-4) in us-south1-c failed: an internal error has occurred
[10-04 04:33:54] create mhc-exp11-879803 (v6e-4) in us-central1-a failed: capacity
[10-04 04:34:05] create mhc-exp11-879804 (v6e-4) in us-central1-a failed: capacity
[10-04 04:34:19] create mhc-exp11-879802 (v6e-4) in us-east5-a failed: capacity
[10-04 04:34:54] create mhc-exp11-879804 (v6e-4) in us-central1-b failed: quota (Quota limit 'TPUV6EPreemptiblePerProjectPerZoneForTPUAPI' has been exceeded. Limit: 16 in zone us-central1-b.)
[10-04 04:35:03] create mhc-exp11-879804 (v6e-4) in us-central1-c failed: capacity
[10-04 04:35:12] create mhc-exp11-od8850710 (v6e-4, on-demand) in us-central1-b failed: User does not have permission to submit requests for accelerator type \
[10-04 04:36:22] create mhc-exp11-879802 (v6e-4) in us-east5-b failed: capacity
[10-04 04:36:27] create mhc-exp11-879804 (v6e-4) in us-east5-b failed: capacity
[10-04 04:37:06] create mhc-exp11-879802 (v6e-4) in us-east5-c failed: quota (Quota limit 'TPUV6EPreemptiblePerProjectPerZoneForTPUAPI' has been exceeded. Limit: 0 in zone us-east5-c.)
[10-04 04:37:14] create mhc-exp11-879804 (v6e-4) in us-east5-c failed: quota (Quota limit 'TPUV6EPreemptiblePerProjectPerZoneForTPUAPI' has been exceeded. Limit: 0 in zone us-east5-c.)
[10-04 04:37:25] v6e-d768-residual-lr7.5e-4-s2: done — exit 0 in 810s on mhc-exp11-642934 (us-central1-b), val 3.9927, tok/s 135683, preempted 0x
[10-04 04:37:37] v6e-d768-residual-s1: done — exit 0 in 810s on mhc-exp11-642934 (us-central1-b), val 4.1448, tok/s 134823, preempted 0x
[10-04 04:37:49] create mhc-exp11-879802 (v6e-1) in asia-southeast1-b failed: capacity
[10-04 04:37:54] v6e-a-global-h4-pre-lr2x-s0: started on mhc-exp11-642934 chip 2
[10-04 04:37:55] v6e-a-global-h4-post-lr2x-s0: started on mhc-exp11-642934 chip 5
[10-04 04:38:11] create mhc-exp11-879804 (v6e-1) in asia-southeast1-b failed: capacity
[10-04 04:38:29] create mhc-exp11-879804 (v6e-1) in us-south1-a failed: capacity
[10-04 04:38:34] create mhc-exp11-879802 (v6e-1) in us-central1-a failed: capacity
[10-04 04:38:55] create mhc-exp11-879804 (v6e-1) in us-south1-c failed: an internal error has occurred
[10-04 04:39:29] create mhc-exp11-879804 (v6e-1) in us-east5-a failed: capacity
[10-04 04:40:28] create mhc-exp11-879803 (v6e-4) in us-central1-b failed: an internal error has occurred
[10-04 04:40:55] create mhc-exp11-879803 (v6e-4) in us-south1-c failed: an internal error has occurred
[10-04 04:42:19] v6e-d768-residual-lr1.06e-3-s2: done — exit 0 in 820s on mhc-exp11-642934 (us-central1-b), val 3.9943, tok/s 133203, preempted 0x
[10-04 04:42:22] v6e-a-global-h4-res-lr2x-s0: started on mhc-exp11-642934 chip 1
[10-04 04:42:22] status: 167/202 done, 26 queued, 9 running on 2 VMs, spent $102.21
[10-04 04:42:31] create mhc-exp11-od8894216 (v6e-8, on-demand) in us-south1-a failed: capacity
[10-04 04:42:37] create mhc-exp11-od8894216 (v6e-8, on-demand) in us-south1-c failed: capacity
[10-04 04:43:37] v6e-d768-residual-lr5.3e-4-s2: done — exit 0 in 794s on mhc-exp11-642934 (us-central1-b), val 4.0293, tok/s 135333, preempted 0x
[10-04 04:43:49] v6e-d768-residual-s2: done — exit 0 in 804s on mhc-exp11-642934 (us-central1-b), val 4.1510, tok/s 133169, preempted 0x
[10-04 04:43:52] v6e-a-global-h4-prepost-lr2x-s0: started on mhc-exp11-642934 chip 0
[10-04 04:43:53] v6e-a-global-h4-pre-s1: started on mhc-exp11-642934 chip 7
[10-04 04:43:56] create mhc-exp11-879804 (v6e-1) in us-east5-b failed: capacity
[10-04 04:44:42] create mhc-exp11-879804 (v6e-1) in us-east5-c failed: quota (Quota limit 'TPUV6EPreemptiblePerProjectPerZoneForTPUAPI' has been exceeded. Limit: 0 in zone us-east5-c.)
[10-04 04:44:46] create mhc-exp11-879803 (v6e-1) in us-central1-b failed: an internal error has occurred
[10-04 04:44:49] create mhc-exp11-879802 (v6e-1) in us-central1-b failed: an internal error has occurred
[10-04 04:44:56] create mhc-exp11-879803 (v6e-1) in us-central1-c failed: capacity
[10-04 04:44:58] create mhc-exp11-879802 (v6e-1) in us-central1-c failed: capacity
[10-04 04:45:01] create mhc-exp11-od8909717 (v6e-8, on-demand) in us-central1-a failed: capacity
[10-04 04:45:07] create mhc-exp11-od8909717 (v6e-8, on-demand) in us-central1-b failed: User does not have permission to submit requests for accelerator type \
[10-04 04:45:13] create mhc-exp11-od8909717 (v6e-8, on-demand) in us-central1-c failed: capacity
[10-04 04:46:02] create mhc-exp11-879802 (v6e-1) in us-south1-c failed: an internal error has occurred
[10-04 04:46:03] create mhc-exp11-879803 (v6e-1) in us-south1-c failed: an internal error has occurred
[10-04 04:46:31] create mhc-exp11-od8909717 (v6e-8, on-demand) in asia-southeast1-b failed: capacity
[10-04 04:46:40] create mhc-exp11-od8909717 (v6e-4, on-demand) in us-central1-a failed: capacity
[10-04 04:46:49] create mhc-exp11-od8909717 (v6e-4, on-demand) in us-central1-b failed: User does not have permission to submit requests for accelerator type \
[10-04 04:46:59] create mhc-exp11-od8909717 (v6e-4, on-demand) in us-central1-c failed: capacity
[10-04 04:47:08] create mhc-exp11-od8909717 (v6e-4, on-demand) in us-south1-a failed: capacity
[10-04 04:47:13] create mhc-exp11-od8909717 (v6e-4, on-demand) in us-south1-c failed: capacity
[10-04 04:47:47] create mhc-exp11-8922318 (v6e-8) in asia-southeast1-b failed: an internal error has occurred
[10-04 04:47:48] create mhc-exp11-8922319 (v6e-8) in asia-southeast1-b failed: capacity
[10-04 04:47:49] create mhc-exp11-od8909717 (v6e-4, on-demand) in asia-southeast1-b failed: capacity
[10-04 04:47:56] create mhc-exp11-8922319 (v6e-8) in us-central1-a failed: capacity
[10-04 04:48:36] create mhc-exp11-8922318 (v6e-8) in us-central1-a failed: capacity
[10-04 04:48:43] create mhc-exp11-8922319 (v6e-8) in us-central1-b failed: quota (Quota limit 'TPUV6EPreemptiblePerProjectPerZoneForTPUAPI' has been exceeded. Limit: 16 in zone us-central1-b.)
[10-04 04:48:51] create mhc-exp11-8922319 (v6e-8) in us-central1-c failed: capacity
[10-04 04:48:56] create mhc-exp11-8922319 (v6e-8) in us-south1-a failed: capacity
[10-04 04:49:21] create mhc-exp11-8922318 (v6e-8) in us-central1-b failed: quota (Quota limit 'TPUV6EPreemptiblePerProjectPerZoneForTPUAPI' has been exceeded. Limit: 16 in zone us-central1-b.)
[10-04 04:49:59] create mhc-exp11-8922318 (v6e-8) in us-south1-c failed: an internal error has occurred
[10-04 04:49:59] create mhc-exp11-8922319 (v6e-8) in us-south1-c failed: an internal error has occurred
[10-04 04:50:37] create mhc-exp11-od8943222 (v6e-8, on-demand) in us-central1-b failed: User does not have permission to submit requests for accelerator type \
[10-04 04:50:45] create mhc-exp11-8922319 (v6e-8) in us-east5-a failed: capacity
[10-04 04:50:47] create mhc-exp11-8922318 (v6e-8) in us-east5-a failed: capacity
[10-04 04:52:48] create mhc-exp11-od8955924 (v6e-4, on-demand) in us-central1-b failed: User does not have permission to submit requests for accelerator type \
[10-04 04:53:53] v6e-a-global-h4-post-s0: done — exit 0 in 1310s on mhc-exp11-642934 (us-central1-b), val 4.1295, tok/s 83904, preempted 0x
[10-04 04:53:56] v6e-a-global-h4-post-s1: started on mhc-exp11-642934 chip 3
[10-04 04:54:11] create mhc-exp11-8922319 (v6e-8) in us-east5-b failed: capacity
[10-04 04:54:12] create mhc-exp11-8922318 (v6e-8) in us-east5-b failed: capacity
[10-04 04:54:58] create mhc-exp11-8922319 (v6e-8) in us-east5-c failed: quota (Quota limit 'TPUV6EPreemptiblePerProjectPerZoneForTPUAPI' has been exceeded. Limit: 0 in zone us-east5-c.)
[10-04 04:55:02] create mhc-exp11-8922318 (v6e-8) in us-east5-c failed: quota (Quota limit 'TPUV6EPreemptiblePerProjectPerZoneForTPUAPI' has been exceeded. Limit: 0 in zone us-east5-c.)
[10-04 04:56:13] v6e-a-global-h4-res-s0: done — exit 0 in 1335s on mhc-exp11-642934 (us-central1-b), val 4.1457, tok/s 81396, preempted 0x
[10-04 04:56:21] create mhc-exp11-8922318 (v6e-4) in asia-southeast1-b failed: capacity
[10-04 04:56:26] v6e-a-global-h4-prepost-s0: done — exit 0 in 1326s on mhc-exp11-642934 (us-central1-b), val 4.1353, tok/s 82632, preempted 0x
[10-04 04:56:29] create mhc-exp11-8922319 (v6e-4) in asia-southeast1-b failed: capacity
[10-04 04:56:29] v6e-a-global-h4-res-s1: started on mhc-exp11-642934 chip 4
[10-04 04:56:30] v6e-a-global-h4-prepost-s1: started on mhc-exp11-642934 chip 6
[10-04 04:57:07] create mhc-exp11-8922318 (v6e-4) in us-central1-a failed: capacity
[10-04 04:57:13] create mhc-exp11-8922319 (v6e-4) in us-central1-a failed: capacity
[10-04 04:57:44] v6e-a-global-h4-pre-s0: done — exit 0 in 1546s on mhc-exp11-82553115 (us-central1-b), val 4.1110, tok/s 69846, preempted 0x
[10-04 04:57:47] v6e-a-global-h4-pre-lr2x-s1: started on mhc-exp11-82553115 chip 0
[10-04 04:57:47] status: 173/202 done, 20 queued, 9 running on 2 VMs, spent $104.99
[10-04 04:57:52] create mhc-exp11-od8986728 (v6e-8, on-demand) in us-south1-a failed: capacity
[10-04 04:57:57] create mhc-exp11-od8986728 (v6e-8, on-demand) in us-south1-c failed: capacity
[10-04 04:58:00] create mhc-exp11-8922319 (v6e-4) in us-central1-b failed: quota (Quota limit 'TPUV6EPreemptiblePerProjectPerZoneForTPUAPI' has been exceeded. Limit: 16 in zone us-central1-b.)
[10-04 04:58:08] create mhc-exp11-8922319 (v6e-4) in us-central1-c failed: capacity
[10-04 04:58:13] create mhc-exp11-8922319 (v6e-4) in us-south1-a failed: capacity
[10-04 04:58:59] create mhc-exp11-8922319 (v6e-4) in us-south1-c failed: an internal error has occurred
[10-04 04:59:15] create mhc-exp11-od8994929 (v6e-8, on-demand) in us-central1-b failed: User does not have permission to submit requests for accelerator type \
[10-04 04:59:27] create mhc-exp11-od8994929 (v6e-4, on-demand) in us-central1-b failed: User does not have permission to submit requests for accelerator type \
[10-04 05:00:03] create mhc-exp11-8922319 (v6e-4) in us-east5-a failed: capacity
[10-04 05:00:21] create mhc-exp11-od9001230 (v6e-8, on-demand) in us-central1-a failed: capacity
[10-04 05:00:26] create mhc-exp11-od9001230 (v6e-8, on-demand) in us-central1-c failed: capacity
[10-04 05:00:34] create mhc-exp11-8922318 (v6e-4) in us-central1-b failed: an internal error has occurred
[10-04 05:01:27] v6e-a-global-h4-post-lr2x-s0: done — exit 0 in 1325s on mhc-exp11-642934 (us-central1-b), val 5.1337, tok/s 82365, preempted 0x
[10-04 05:01:30] v6e-a-global-h4-post-lr2x-s1: started on mhc-exp11-642934 chip 5
[10-04 05:01:46] create mhc-exp11-8922319 (v6e-4) in us-east5-b failed: capacity
[10-04 05:01:56] create mhc-exp11-8922318 (v6e-4) in us-east5-b failed: capacity
[10-04 05:02:18] create mhc-exp11-od9009031 (v6e-8, on-demand) in asia-southeast1-b failed: capacity
[10-04 05:02:25] create mhc-exp11-od9009031 (v6e-4, on-demand) in us-central1-a failed: capacity
[10-04 05:02:26] create mhc-exp11-8922319 (v6e-4) in us-east5-c failed: quota (Quota limit 'TPUV6EPreemptiblePerProjectPerZoneForTPUAPI' has been exceeded. Limit: 0 in zone us-east5-c.)
[10-04 05:02:30] create mhc-exp11-od9009031 (v6e-4, on-demand) in us-central1-c failed: capacity
[10-04 05:02:36] create mhc-exp11-od9009031 (v6e-4, on-demand) in us-south1-a failed: capacity
[10-04 05:02:39] create mhc-exp11-8922318 (v6e-4) in us-east5-c failed: quota (Quota limit 'TPUV6EPreemptiblePerProjectPerZoneForTPUAPI' has been exceeded. Limit: 0 in zone us-east5-c.)
[10-04 05:02:41] create mhc-exp11-od9009031 (v6e-4, on-demand) in us-south1-c failed: capacity
[10-04 05:02:44] v6e-a-global-h4-pre-lr2x-s0: done — exit 0 in 1381s on mhc-exp11-642934 (us-central1-b), val 5.0665, tok/s 80319, preempted 0x
[10-04 05:02:47] v6e-a-global-h4-res-lr2x-s1: started on mhc-exp11-642934 chip 2
[10-04 05:03:22] create mhc-exp11-8922319 (v6e-1) in asia-southeast1-b failed: capacity
[10-04 05:03:26] create mhc-exp11-8922318 (v6e-1) in asia-southeast1-b failed: capacity
[10-04 05:04:08] create mhc-exp11-8922319 (v6e-1) in us-central1-a failed: capacity
[10-04 05:04:09] create mhc-exp11-8922318 (v6e-1) in us-central1-a failed: capacity
[10-04 05:05:08] create mhc-exp11-od9023133 (v6e-4, on-demand) in asia-southeast1-b failed: capacity
[10-04 05:06:09] v6e-a-global-h4-res-lr2x-s0: done — exit 0 in 1304s on mhc-exp11-642934 (us-central1-b), val 5.0885, tok/s 83509, preempted 0x
[10-04 05:06:12] v6e-a-global-h4-prepost-lr2x-s1: started on mhc-exp11-642934 chip 1
[10-04 05:08:29] v6e-a-global-h4-prepost-lr2x-s0: done — exit 0 in 1398s on mhc-exp11-642934 (us-central1-b), val 4.7975, tok/s 78261, preempted 0x
[10-04 05:08:42] v6e-a-global-h4-pre-s1: done — exit 0 in 1358s on mhc-exp11-642934 (us-central1-b), val 4.1251, tok/s 81117, preempted 0x
[10-04 05:08:45] v6e-a-global-h4-pre-s2: started on mhc-exp11-642934 chip 0
[10-04 05:08:46] v6e-a-global-h4-post-s2: started on mhc-exp11-642934 chip 7
[10-04 05:10:23] create mhc-exp11-8922319 (v6e-1) in us-central1-b failed: an internal error has occurred
[10-04 05:10:24] create mhc-exp11-8922318 (v6e-1) in us-central1-b failed: an internal error has occurred
[10-04 05:10:31] create mhc-exp11-8922319 (v6e-1) in us-central1-c failed: capacity
[10-04 05:10:31] create mhc-exp11-8922318 (v6e-1) in us-central1-c failed: capacity
[10-04 05:10:40] create mhc-exp11-8922319 (v6e-1) in us-south1-a failed: capacity
[10-04 05:10:41] create mhc-exp11-8922318 (v6e-1) in us-south1-a failed: capacity
[10-04 05:10:53] create mhc-exp11-8922319 (v6e-1) in us-south1-c failed: an internal error has occurred
[10-04 05:10:54] create mhc-exp11-8922318 (v6e-1) in us-south1-c failed: an internal error has occurred
[10-04 05:12:18] create mhc-exp11-8922319 (v6e-1) in us-east5-a failed: capacity
[10-04 05:12:18] create mhc-exp11-8922318 (v6e-1) in us-east5-a failed: capacity
[10-04 05:13:17] status: 178/202 done, 15 queued, 9 running on 2 VMs, spent $107.78
[10-04 05:13:19] create mhc-exp11-8922318 (v6e-1) in us-east5-b failed: capacity
[10-04 05:13:19] create mhc-exp11-8922319 (v6e-1) in us-east5-b failed: capacity
[10-04 05:14:04] create mhc-exp11-8922318 (v6e-1) in us-east5-c failed: quota (Quota limit 'TPUV6EPreemptiblePerProjectPerZoneForTPUAPI' has been exceeded. Limit: 0 in zone us-east5-c.)
[10-04 05:14:07] create mhc-exp11-8922319 (v6e-1) in us-east5-c failed: quota (Quota limit 'TPUV6EPreemptiblePerProjectPerZoneForTPUAPI' has been exceeded. Limit: 0 in zone us-east5-c.)
[10-04 05:14:28] create mhc-exp11-od9086137 (v6e-8, on-demand) in us-central1-b failed: User does not have permission to submit requests for accelerator type \
[10-04 05:14:38] create mhc-exp11-od9086137 (v6e-8, on-demand) in us-south1-a failed: capacity
[10-04 05:14:47] create mhc-exp11-od9086137 (v6e-8, on-demand) in us-south1-c failed: capacity
[10-04 05:15:02] create mhc-exp11-od9086137 (v6e-4, on-demand) in us-central1-b failed: User does not have permission to submit requests for accelerator type \
[10-04 05:15:22] create mhc-exp11-9086136 (v6e-8) in asia-southeast1-b failed: capacity
[10-04 05:15:29] create mhc-exp11-od9092438 (v6e-8, on-demand) in us-central1-a failed: capacity
[10-04 05:15:34] create mhc-exp11-od9092438 (v6e-8, on-demand) in us-central1-c failed: capacity
[10-04 05:15:34] create mhc-exp11-9086136 (v6e-8) in us-central1-a failed: capacity
[10-04 05:16:52] create mhc-exp11-9086136 (v6e-8) in us-central1-b failed: quota (Quota limit 'TPUV6EPreemptiblePerProjectPerZoneForTPUAPI' has been exceeded. Limit: 16 in zone us-central1-b.)
[10-04 05:17:07] create mhc-exp11-9086136 (v6e-8) in us-central1-c failed: capacity
[10-04 05:17:17] create mhc-exp11-9086136 (v6e-8) in us-south1-a failed: capacity
[10-04 05:18:02] create mhc-exp11-9086136 (v6e-8) in us-south1-c failed: an internal error has occurred
[10-04 05:18:28] create mhc-exp11-od9105040 (v6e-8, on-demand) in asia-southeast1-b failed: capacity
[10-04 05:18:37] create mhc-exp11-9086136 (v6e-8) in us-east5-a failed: capacity
[10-04 05:18:45] v6e-a-global-h4-post-s1: done — exit 0 in 1414s on mhc-exp11-642934 (us-central1-b), val 4.1294, tok/s 79019, preempted 0x
[10-04 05:18:46] create mhc-exp11-od9105040 (v6e-4, on-demand) in us-central1-a failed: capacity
[10-04 05:18:48] v6e-a-global-h4-res-s2: started on mhc-exp11-642934 chip 3
[10-04 05:18:53] create mhc-exp11-od9105040 (v6e-4, on-demand) in us-central1-c failed: capacity
[10-04 05:18:58] create mhc-exp11-od9105040 (v6e-4, on-demand) in us-south1-a failed: capacity
[10-04 05:19:03] create mhc-exp11-od9105040 (v6e-4, on-demand) in us-south1-c failed: capacity
[10-04 05:19:58] create mhc-exp11-9086136 (v6e-8) in us-east5-b failed: capacity
[10-04 05:20:03] v6e-a-global-h4-prepost-s1: done — exit 0 in 1292s on mhc-exp11-642934 (us-central1-b), val 4.1193, tok/s 84202, preempted 0x
[10-04 05:20:06] v6e-a-global-h4-prepost-s2: started on mhc-exp11-642934 chip 6
[10-04 05:20:24] create mhc-exp11-od9120641 (v6e-8, on-demand) in us-central1-b failed: User does not have permission to submit requests for accelerator type \
[10-04 05:20:40] create mhc-exp11-9086136 (v6e-8) in us-east5-c failed: quota (Quota limit 'TPUV6EPreemptiblePerProjectPerZoneForTPUAPI' has been exceeded. Limit: 0 in zone us-east5-c.)
[10-04 05:20:46] create mhc-exp11-od9120641 (v6e-4, on-demand) in us-central1-b failed: User does not have permission to submit requests for accelerator type \
[10-04 05:21:20] v6e-a-global-h4-res-s1: done — exit 0 in 1304s on mhc-exp11-642934 (us-central1-b), val 4.1236, tok/s 83518, preempted 0x
[10-04 05:21:21] create mhc-exp11-od9120641 (v6e-4, on-demand) in asia-southeast1-b failed: capacity
[10-04 05:21:26] create mhc-exp11-9086136 (v6e-4) in asia-southeast1-b failed: capacity
[10-04 05:21:39] v6e-a-global-h4-pre-lr2x-s2: started on mhc-exp11-642934 chip 4
[10-04 05:21:48] adopted mhc-exp11-82553115 (us-central1-b): running ['v6e-a-global-h4-pre-lr2x-s1']
[10-04 05:21:49] adopted mhc-exp11-642934 (us-central1-b): running ['v6e-a-global-h4-post-lr2x-s1', 'v6e-a-global-h4-post-s2', 'v6e-a-global-h4-pre-lr2x-s2', 'v6e-a-global-h4-pre-s2', 'v6e-a-global-h4-prepost-lr2x-s1', 'v6e-a-global-h4-prepost-s2', 'v6e-a-global-h4-res-lr2x-s1', 'v6e-a-global-h4-res-s2']
[10-04 05:22:09] status: 181/214 done, 24 queued, 9 running on 2 VMs, spent $109.38
[10-04 05:22:20] create mhc-exp11-od913291 (v6e-8, on-demand) in us-central1-a failed: capacity
[10-04 05:22:30] create mhc-exp11-od913291 (v6e-8, on-demand) in us-central1-b failed: User does not have permission to submit requests for accelerator type \
[10-04 05:22:39] create mhc-exp11-od913291 (v6e-8, on-demand) in us-central1-c failed: capacity
[10-04 05:22:49] create mhc-exp11-od913291 (v6e-8, on-demand) in us-south1-a failed: capacity
[10-04 05:22:54] create mhc-exp11-od913291 (v6e-8, on-demand) in us-south1-c failed: capacity
[10-04 05:22:56] create mhc-exp11-913292 (v6e-8) in asia-southeast1-b failed: capacity
[10-04 05:22:56] create mhc-exp11-913293 (v6e-8) in asia-southeast1-b failed: capacity
[10-04 05:23:41] create mhc-exp11-913293 (v6e-8) in us-central1-a failed: capacity
[10-04 05:23:42] create mhc-exp11-913292 (v6e-8) in us-central1-a failed: capacity
[10-04 05:23:52] create mhc-exp11-od913291 (v6e-8, on-demand) in asia-southeast1-b failed: capacity
[10-04 05:23:57] create mhc-exp11-od913291 (v6e-4, on-demand) in us-south1-a failed: capacity
[10-04 05:24:02] create mhc-exp11-od913291 (v6e-4, on-demand) in us-south1-c failed: capacity
[10-04 05:24:22] create mhc-exp11-913293 (v6e-8) in us-central1-b failed: quota (Quota limit 'TPUV6EPreemptiblePerProjectPerZoneForTPUAPI' has been exceeded. Limit: 16 in zone us-central1-b.)
[10-04 05:24:27] create mhc-exp11-913292 (v6e-8) in us-central1-b failed: quota (Quota limit 'TPUV6EPreemptiblePerProjectPerZoneForTPUAPI' has been exceeded. Limit: 16 in zone us-central1-b.)
[10-04 05:24:27] v6e-a-global-h4-pre-lr2x-s1: done — exit 0 in 1528s on mhc-exp11-82553115 (us-central1-b), val 5.1219, tok/s 70806, preempted 0x
[10-04 05:24:28] create mhc-exp11-913293 (v6e-8) in us-central1-c failed: capacity
[10-04 05:24:30] v6e-a-global-h4-post-lr2x-s2: started on mhc-exp11-82553115 chip 0
[10-04 05:24:32] create mhc-exp11-913292 (v6e-8) in us-central1-c failed: capacity
[10-04 05:24:33] create mhc-exp11-913293 (v6e-8) in us-south1-a failed: capacity
[10-04 05:24:37] create mhc-exp11-913292 (v6e-8) in us-south1-a failed: capacity
[10-04 05:24:54] create mhc-exp11-913292 (v6e-8) in us-south1-c failed: an internal error has occurred
[10-04 05:24:58] create mhc-exp11-913293 (v6e-8) in us-south1-c failed: an internal error has occurred
[10-04 05:25:00] create mhc-exp11-od913291 (v6e-4, on-demand) in asia-southeast1-b failed: capacity
[10-04 05:25:44] v6e-a-global-h4-post-lr2x-s1: done — exit 0 in 1328s on mhc-exp11-642934 (us-central1-b), val 4.5740, tok/s 82179, preempted 0x
[10-04 05:25:56] create mhc-exp11-913292 (v6e-8) in us-east5-a failed: capacity
[10-04 05:25:57] v6e-a-global-h4-res-lr2x-s1: done — exit 0 in 1308s on mhc-exp11-642934 (us-central1-b), val 5.0036, tok/s 82707, preempted 0x
[10-04 05:25:59] v6e-a-global-h4-res-lr2x-s2: started on mhc-exp11-642934 chip 2
[10-04 05:26:01] v6e-a-global-h4-prepost-lr2x-s2: started on mhc-exp11-642934 chip 5
[10-04 05:26:01] create mhc-exp11-913293 (v6e-8) in us-east5-a failed: capacity
[10-04 05:26:09] create mhc-exp11-od915614 (v6e-4, on-demand) in us-central1-a failed: capacity
[10-04 05:26:14] create mhc-exp11-od915614 (v6e-4, on-demand) in us-central1-b failed: User does not have permission to submit requests for accelerator type \
[10-04 05:26:20] create mhc-exp11-od915614 (v6e-4, on-demand) in us-central1-c failed: capacity
[10-04 05:28:12] create mhc-exp11-od916876 (v6e-8, on-demand) in us-central1-b failed: User does not have permission to submit requests for accelerator type \
[10-04 05:29:22] v6e-a-global-h4-prepost-lr2x-s1: done — exit 0 in 1310s on mhc-exp11-642934 (us-central1-b), val 5.0141, tok/s 83718, preempted 0x
[10-04 05:29:24] v6e-mhc-h1-conn4-lr2x-s0: started on mhc-exp11-642934 chip 1
[10-04 05:29:43] create mhc-exp11-913292 (v6e-8) in us-east5-b failed: capacity
[10-04 05:29:48] create mhc-exp11-913293 (v6e-8) in us-east5-b failed: capacity
[10-04 05:30:27] create mhc-exp11-913293 (v6e-8) in us-east5-c failed: quota (Quota limit 'TPUV6EPreemptiblePerProjectPerZoneForTPUAPI' has been exceeded. Limit: 0 in zone us-east5-c.)
[10-04 05:30:28] create mhc-exp11-913292 (v6e-8) in us-east5-c failed: quota (Quota limit 'TPUV6EPreemptiblePerProjectPerZoneForTPUAPI' has been exceeded. Limit: 0 in zone us-east5-c.)
[10-04 05:31:43] create mhc-exp11-913293 (v6e-4) in asia-southeast1-b failed: capacity
[10-04 05:31:44] create mhc-exp11-od918919 (v6e-4, on-demand) in us-central1-b failed: User does not have permission to submit requests for accelerator type \
[10-04 05:31:44] create mhc-exp11-913292 (v6e-4) in asia-southeast1-b failed: capacity
[10-04 05:32:07] create mhc-exp11-913293 (v6e-4) in us-central1-a failed: capacity
[10-04 05:32:09] create mhc-exp11-913292 (v6e-4) in us-central1-a failed: capacity
[10-04 05:32:47] v6e-a-global-h4-post-s2: done — exit 0 in 1343s on mhc-exp11-642934 (us-central1-b), val 4.1302, tok/s 81745, preempted 0x
[10-04 05:32:51] create mhc-exp11-913292 (v6e-4) in us-central1-b failed: quota (Quota limit 'TPUV6EPreemptiblePerProjectPerZoneForTPUAPI' has been exceeded. Limit: 16 in zone us-central1-b.)
[10-04 05:32:59] create mhc-exp11-913292 (v6e-4) in us-central1-c failed: capacity
[10-04 05:33:04] create mhc-exp11-913292 (v6e-4) in us-south1-a failed: capacity
[10-04 05:33:06] v6e-mhc-h1-conn4-lr0.7x-s0: started on mhc-exp11-642934 chip 7
[10-04 05:34:07] create mhc-exp11-913292 (v6e-4) in us-south1-c failed: an internal error has occurred
[10-04 05:34:21] v6e-a-global-h4-pre-s2: done — exit 0 in 1386s on mhc-exp11-642934 (us-central1-b), val 4.1557, tok/s 79586, preempted 0x
[10-04 05:34:23] v6e-a-global-h4-conn4-lr0.7x-s0: started on mhc-exp11-642934 chip 0
[10-04 05:34:30] create mhc-exp11-od9206311 (v6e-8, on-demand) in us-central1-b failed: User does not have permission to submit requests for accelerator type \
[10-04 05:35:11] create mhc-exp11-913292 (v6e-4) in us-east5-a failed: capacity
[10-04 05:35:57] create mhc-exp11-913292 (v6e-4) in us-east5-b failed: capacity
[10-04 05:36:47] create mhc-exp11-913292 (v6e-4) in us-east5-c failed: quota (Quota limit 'TPUV6EPreemptiblePerProjectPerZoneForTPUAPI' has been exceeded. Limit: 0 in zone us-east5-c.)
[10-04 05:37:33] status: 187/214 done, 18 queued, 9 running on 2 VMs, spent $112.15
[10-04 05:37:38] create mhc-exp11-od9225314 (v6e-8, on-demand) in us-central1-a failed: capacity
[10-04 05:37:51] create mhc-exp11-od9225314 (v6e-4, on-demand) in us-central1-b failed: User does not have permission to submit requests for accelerator type \
[10-04 05:38:02] create mhc-exp11-913292 (v6e-1) in asia-southeast1-b failed: capacity
[10-04 05:38:43] create mhc-exp11-od9231615 (v6e-8, on-demand) in us-south1-a failed: capacity
[10-04 05:38:48] create mhc-exp11-913292 (v6e-1) in us-central1-a failed: capacity
[10-04 05:38:48] create mhc-exp11-od9231615 (v6e-8, on-demand) in us-south1-c failed: capacity
[10-04 05:40:06] create mhc-exp11-913293 (v6e-4) in us-central1-b failed: an internal error has occurred
[10-04 05:40:28] create mhc-exp11-od9237916 (v6e-8, on-demand) in asia-southeast1-b failed: capacity
[10-04 05:40:33] create mhc-exp11-od9237916 (v6e-4, on-demand) in us-south1-a failed: capacity
[10-04 05:40:39] create mhc-exp11-od9237916 (v6e-4, on-demand) in us-south1-c failed: capacity
[10-04 05:41:12] create mhc-exp11-913293 (v6e-4) in us-south1-c failed: an internal error has occurred
[10-04 05:41:36] create mhc-exp11-od9237916 (v6e-4, on-demand) in asia-southeast1-b failed: capacity
[10-04 05:41:57] v6e-a-global-h4-res-s2: done — exit 0 in 1319s on mhc-exp11-642934 (us-central1-b), val 4.1541, tok/s 82956, preempted 0x
[10-04 05:42:00] v6e-mhc-h1-conn4-lr2x-s1: started on mhc-exp11-642934 chip 3
[10-04 05:43:15] v6e-a-global-h4-prepost-s2: done — exit 0 in 1305s on mhc-exp11-642934 (us-central1-b), val 4.1275, tok/s 83319, preempted 0x
[10-04 05:43:18] v6e-mhc-h1-conn4-lr0.7x-s1: started on mhc-exp11-642934 chip 6
[10-04 05:45:22] create mhc-exp11-913293 (v6e-1) in us-central1-b failed: an internal error has occurred
[10-04 05:45:33] create mhc-exp11-913293 (v6e-1) in us-central1-c failed: capacity
[10-04 05:45:43] create mhc-exp11-913293 (v6e-1) in us-south1-a failed: capacity
[10-04 05:45:44] create mhc-exp11-913292 (v6e-1) in us-central1-b failed: an internal error has occurred
[10-04 05:45:55] v6e-a-global-h4-pre-lr2x-s2: done — exit 0 in 1340s on mhc-exp11-642934 (us-central1-b), val 4.9200, tok/s 81763, preempted 0x
[10-04 05:45:58] create mhc-exp11-913292 (v6e-1) in us-south1-c failed: an internal error has occurred
[10-04 05:45:58] v6e-a-global-h4-conn4-lr0.7x-s1: started on mhc-exp11-642934 chip 4
[10-04 05:46:00] create mhc-exp11-913293 (v6e-1) in us-south1-c failed: an internal error has occurred
[10-04 05:46:19] create mhc-exp11-913293 (v6e-1) in us-east5-a failed: capacity
[10-04 05:46:24] create mhc-exp11-913292 (v6e-1) in us-east5-a failed: capacity
[10-04 05:48:06] create mhc-exp11-913292 (v6e-1) in us-east5-b failed: capacity
[10-04 05:48:20] create mhc-exp11-913293 (v6e-1) in us-east5-b failed: capacity
[10-04 05:48:57] create mhc-exp11-913292 (v6e-1) in us-east5-c failed: quota (Quota limit 'TPUV6EPreemptiblePerProjectPerZoneForTPUAPI' has been exceeded. Limit: 0 in zone us-east5-c.)
[10-04 05:49:08] create mhc-exp11-913293 (v6e-1) in us-east5-c failed: quota (Quota limit 'TPUV6EPreemptiblePerProjectPerZoneForTPUAPI' has been exceeded. Limit: 0 in zone us-east5-c.)
[10-04 05:49:21] v6e-a-global-h4-prepost-lr2x-s2: done — exit 0 in 1293s on mhc-exp11-642934 (us-central1-b), val 4.7961, tok/s 84100, preempted 0x
[10-04 05:49:24] v6e-mhc-h1-conn4-lr2x-s2: started on mhc-exp11-642934 chip 5
[10-04 05:49:34] create mhc-exp11-od9296419 (v6e-8, on-demand) in us-central1-b failed: User does not have permission to submit requests for accelerator type \
[10-04 05:49:41] create mhc-exp11-od9296419 (v6e-8, on-demand) in us-central1-c failed: capacity
[10-04 05:49:52] create mhc-exp11-od9296419 (v6e-4, on-demand) in us-central1-a failed: capacity
[10-04 05:49:57] create mhc-exp11-od9296419 (v6e-4, on-demand) in us-central1-b failed: User does not have permission to submit requests for accelerator type \
[10-04 05:49:59] create mhc-exp11-9296418 (v6e-8) in asia-southeast1-b failed: capacity
[10-04 05:50:07] create mhc-exp11-od9296419 (v6e-4, on-demand) in us-central1-c failed: capacity
[10-04 05:50:12] create mhc-exp11-9296418 (v6e-8) in us-central1-a failed: capacity
[10-04 05:50:38] v6e-a-global-h4-post-lr2x-s2: done — exit 0 in 1520s on mhc-exp11-82553115 (us-central1-b), val 4.9380, tok/s 71130, preempted 0x
[10-04 05:50:38] v6e-a-global-h4-res-lr2x-s2: done — exit 0 in 1311s on mhc-exp11-642934 (us-central1-b), val 5.2503, tok/s 83005, preempted 0x
[10-04 05:50:41] v6e-mhc-h1-conn4-lr0.7x-s2: started on mhc-exp11-82553115 chip 0
[10-04 05:50:51] v6e-mhc-h1-conn4-lr2x-s0: done — exit 0 in 1231s on mhc-exp11-642934 (us-central1-b), val 5.0847, tok/s 88496, preempted 0x
[10-04 05:50:53] v6e-a-global-h4-conn4-lr0.7x-s2: started on mhc-exp11-642934 chip 1
[10-04 05:50:55] v6e-a-global-h4-pre-lr0.7x-s0: started on mhc-exp11-642934 chip 2
[10-04 05:50:56] create mhc-exp11-9296418 (v6e-8) in us-central1-b failed: quota (Quota limit 'TPUV6EPreemptiblePerProjectPerZoneForTPUAPI' has been exceeded. Limit: 16 in zone us-central1-b.)
[10-04 05:51:06] adopted mhc-exp11-82553115 (us-central1-b): running ['v6e-mhc-h1-conn4-lr0.7x-s2']
[10-04 05:51:07] adopted mhc-exp11-642934 (us-central1-b): running ['v6e-a-global-h4-conn4-lr0.7x-s0', 'v6e-a-global-h4-conn4-lr0.7x-s1', 'v6e-a-global-h4-conn4-lr0.7x-s2', 'v6e-a-global-h4-pre-lr0.7x-s0', 'v6e-mhc-h1-conn4-lr0.7x-s0', 'v6e-mhc-h1-conn4-lr0.7x-s1', 'v6e-mhc-h1-conn4-lr2x-s1', 'v6e-mhc-h1-conn4-lr2x-s2']
[10-04 05:51:27] status: 194/219 done, 16 queued, 9 running on 2 VMs, spent $114.66
[10-04 05:51:33] create mhc-exp11-od930872 (v6e-8, on-demand) in us-central1-a failed: capacity
[10-04 05:51:42] create mhc-exp11-od930872 (v6e-8, on-demand) in us-central1-b failed: User does not have permission to submit requests for accelerator type \
[10-04 05:51:48] create mhc-exp11-od930872 (v6e-8, on-demand) in us-central1-c failed: capacity
[10-04 05:51:57] create mhc-exp11-od930872 (v6e-8, on-demand) in us-south1-a failed: capacity
[10-04 05:52:03] create mhc-exp11-od930872 (v6e-8, on-demand) in us-south1-c failed: capacity
[10-04 05:52:04] create mhc-exp11-930871 (v6e-8) in asia-southeast1-b failed: capacity
[10-04 05:52:49] create mhc-exp11-930871 (v6e-8) in us-central1-a failed: capacity
[10-04 05:53:18] create mhc-exp11-od930872 (v6e-8, on-demand) in asia-southeast1-b failed: capacity
[10-04 05:53:26] create mhc-exp11-od930872 (v6e-4, on-demand) in us-central1-a failed: capacity
[10-04 05:53:32] create mhc-exp11-od930872 (v6e-4, on-demand) in us-central1-b failed: User does not have permission to submit requests for accelerator type \
[10-04 05:53:38] create mhc-exp11-930871 (v6e-8) in us-central1-b failed: quota (Quota limit 'TPUV6EPreemptiblePerProjectPerZoneForTPUAPI' has been exceeded. Limit: 16 in zone us-central1-b.)
[10-04 05:53:43] create mhc-exp11-od930872 (v6e-4, on-demand) in us-central1-c failed: capacity
[10-04 05:53:43] create mhc-exp11-930871 (v6e-8) in us-central1-c failed: capacity
[10-04 05:53:48] create mhc-exp11-od930872 (v6e-4, on-demand) in us-south1-a failed: capacity
[10-04 05:53:48] create mhc-exp11-930871 (v6e-8) in us-south1-a failed: capacity
[10-04 05:53:53] create mhc-exp11-od930872 (v6e-4, on-demand) in us-south1-c failed: capacity
[10-04 05:54:30] create mhc-exp11-od930872 (v6e-4, on-demand) in asia-southeast1-b failed: capacity
[10-04 05:54:48] v6e-mhc-h1-conn4-lr0.7x-s0: done — exit 0 in 1231s on mhc-exp11-642934 (us-central1-b), val 4.1377, tok/s 88689, preempted 0x
[10-04 05:54:50] v6e-d768-a-global-h4-prepost-lr7.5e-4-s0: started on mhc-exp11-642934 chip 7
[10-04 05:55:11] create mhc-exp11-930871 (v6e-8) in us-south1-c failed: an internal error has occurred
[10-04 05:56:36] create mhc-exp11-930871 (v6e-8) in us-east5-a failed: capacity
[10-04 05:57:09] v6e-a-global-h4-conn4-lr0.7x-s0: done — exit 0 in 1280s on mhc-exp11-642934 (us-central1-b), val 4.1086, tok/s 85442, preempted 0x
[10-04 05:57:11] v6e-d768-a-global-h4-prepost-lr7.5e-4-s1: started on mhc-exp11-642934 chip 0
[10-04 05:57:17] create mhc-exp11-od934315 (v6e-8, on-demand) in us-central1-b failed: User does not have permission to submit requests for accelerator type \
[10-04 05:57:56] create mhc-exp11-930871 (v6e-8) in us-east5-b failed: capacity
[10-04 05:58:45] create mhc-exp11-930871 (v6e-8) in us-east5-c failed: quota (Quota limit 'TPUV6EPreemptiblePerProjectPerZoneForTPUAPI' has been exceeded. Limit: 0 in zone us-east5-c.)
[10-04 05:59:23] create mhc-exp11-od935587 (v6e-4, on-demand) in us-central1-b failed: User does not have permission to submit requests for accelerator type \
[10-04 05:59:44] create mhc-exp11-930871 (v6e-4) in asia-southeast1-b failed: capacity
[10-04 06:00:18] create mhc-exp11-930871 (v6e-4) in us-central1-a failed: capacity
[10-04 06:02:57] create mhc-exp11-od9376710 (v6e-8, on-demand) in us-central1-b failed: User does not have permission to submit requests for accelerator type \
[10-04 06:04:02] v6e-mhc-h1-conn4-lr2x-s1: done — exit 0 in 1229s on mhc-exp11-642934 (us-central1-b), val 5.0703, tok/s 89074, preempted 0x
[10-04 06:04:05] v6e-d768-a-global-h4-prepost-lr7.5e-4-s2: started on mhc-exp11-642934 chip 3
[10-04 06:05:20] v6e-mhc-h1-conn4-lr0.7x-s1: done — exit 0 in 1223s on mhc-exp11-642934 (us-central1-b), val 4.0944, tok/s 89579, preempted 0x
[10-04 06:05:22] v6e-d768-a-global-h4-prepost-lr7.5e-4-s3: started on mhc-exp11-642934 chip 6
[10-04 06:05:32] create mhc-exp11-od9392212 (v6e-4, on-demand) in us-central1-b failed: User does not have permission to submit requests for accelerator type \
[10-04 06:07:29] status: 198/219 done, 12 queued, 9 running on 2 VMs, spent $117.55
[10-04 06:07:39] create mhc-exp11-od9404914 (v6e-8, on-demand) in us-central1-a failed: capacity
[10-04 06:07:47] create mhc-exp11-od9404914 (v6e-8, on-demand) in us-central1-c failed: capacity
[10-04 06:07:56] create mhc-exp11-od9404914 (v6e-8, on-demand) in us-south1-a failed: capacity
[10-04 06:08:02] create mhc-exp11-od9404914 (v6e-8, on-demand) in us-south1-c failed: capacity
[10-04 06:08:43] v6e-a-global-h4-conn4-lr0.7x-s1: done — exit 0 in 1259s on mhc-exp11-642934 (us-central1-b), val 4.1031, tok/s 88172, preempted 0x
[10-04 06:08:46] v6e-d768-a-global-h4-prepost-lr7.5e-4-s4: started on mhc-exp11-642934 chip 4
[10-04 06:08:51] create mhc-exp11-od9412615 (v6e-8, on-demand) in us-central1-b failed: User does not have permission to submit requests for accelerator type \
[10-04 06:09:37] create mhc-exp11-od9412615 (v6e-8, on-demand) in asia-southeast1-b failed: capacity
[10-04 06:09:40] create mhc-exp11-930871 (v6e-4) in us-central1-b failed: an internal error has occurred
[10-04 06:09:49] create mhc-exp11-od9412615 (v6e-4, on-demand) in us-central1-a failed: capacity
[10-04 06:09:49] create mhc-exp11-930871 (v6e-4) in us-central1-c failed: capacity
[10-04 06:09:57] create mhc-exp11-od9412615 (v6e-4, on-demand) in us-central1-c failed: capacity
[10-04 06:09:59] create mhc-exp11-930871 (v6e-4) in us-south1-a failed: capacity
[10-04 06:10:02] create mhc-exp11-od9412615 (v6e-4, on-demand) in us-south1-a failed: capacity
[10-04 06:10:07] create mhc-exp11-od9412615 (v6e-4, on-demand) in us-south1-c failed: capacity
[10-04 06:11:04] v6e-mhc-h1-conn4-lr2x-s2: done — exit 0 in 1213s on mhc-exp11-642934 (us-central1-b), val 5.0782, tok/s 90423, preempted 0x
[10-04 06:11:07] v6e-a-global-h4-post-lr0.7x-s0: started on mhc-exp11-642934 chip 5
[10-04 06:11:09] create mhc-exp11-od9412615 (v6e-4, on-demand) in asia-southeast1-b failed: capacity
[10-04 06:11:22] create mhc-exp11-930871 (v6e-4) in us-south1-c failed: an internal error has occurred
[10-04 06:12:23] create mhc-exp11-od9433016 (v6e-4, on-demand) in us-central1-b failed: User does not have permission to submit requests for accelerator type \
[10-04 06:12:45] create mhc-exp11-930871 (v6e-4) in us-east5-a failed: capacity
[10-04 06:13:25] v6e-a-global-h4-conn4-lr0.7x-s2: done — exit 0 in 1245s on mhc-exp11-642934 (us-central1-b), val 4.1086, tok/s 88339, preempted 0x
[10-04 06:13:45] v6e-a-global-h4-res-lr0.7x-s0: started on mhc-exp11-642934 chip 1
[10-04 06:14:59] v6e-a-global-h4-pre-lr0.7x-s0: done — exit 0 in 1314s on mhc-exp11-642934 (us-central1-b), val 4.1119, tok/s 83060, preempted 0x
[10-04 06:15:02] v6e-a-global-h4-prepost-lr0.7x-s0: started on mhc-exp11-642934 chip 2
[10-04 06:16:16] v6e-mhc-h1-conn4-lr0.7x-s2: done — exit 0 in 1457s on mhc-exp11-82553115 (us-central1-b), val 4.1419, tok/s 73911, preempted 0x
[10-04 06:16:19] v6e-a-global-h4-pre-lr0.7x-s1: started on mhc-exp11-82553115 chip 0
[10-04 06:16:32] create mhc-exp11-930871 (v6e-4) in us-east5-b failed: capacity
[10-04 06:17:24] create mhc-exp11-930871 (v6e-4) in us-east5-c failed: quota (Quota limit 'TPUV6EPreemptiblePerProjectPerZoneForTPUAPI' has been exceeded. Limit: 0 in zone us-east5-c.)
[10-04 06:18:11] create mhc-exp11-930871 (v6e-1) in asia-southeast1-b failed: capacity
[10-04 06:18:57] create mhc-exp11-930871 (v6e-1) in us-central1-a failed: capacity
[10-04 06:22:38] status: 203/219 done, 7 queued, 9 running on 2 VMs, spent $120.28
[10-04 06:23:07] create mhc-exp11-930871 (v6e-1) in us-central1-b failed: an internal error has occurred
[10-04 06:23:18] create mhc-exp11-930871 (v6e-1) in us-central1-c failed: capacity
[10-04 06:23:27] create mhc-exp11-930871 (v6e-1) in us-south1-a failed: capacity
[10-04 06:24:00] create mhc-exp11-930871 (v6e-1) in us-south1-c failed: an internal error has occurred
[10-04 06:25:44] create mhc-exp11-930871 (v6e-1) in us-east5-a failed: capacity
[10-04 06:28:26] v6e-d768-a-global-h4-prepost-lr7.5e-4-s0: done — exit 0 in 1896s on mhc-exp11-642934 (us-central1-b), val 3.9425, tok/s 57264, preempted 0x
[10-04 06:28:29] v6e-a-global-h4-post-lr0.7x-s1: started on mhc-exp11-642934 chip 7
[10-04 06:29:10] create mhc-exp11-930871 (v6e-1) in us-east5-b failed: capacity
[10-04 06:29:55] create mhc-exp11-930871 (v6e-1) in us-east5-c failed: quota (Quota limit 'TPUV6EPreemptiblePerProjectPerZoneForTPUAPI' has been exceeded. Limit: 0 in zone us-east5-c.)
[10-04 06:30:45] create mhc-exp11-od9543618 (v6e-8, on-demand) in us-central1-a failed: capacity
[10-04 06:30:53] create mhc-exp11-od9543618 (v6e-8, on-demand) in us-central1-b failed: User does not have permission to submit requests for accelerator type \
[10-04 06:31:03] create mhc-exp11-od9543618 (v6e-8, on-demand) in us-central1-c failed: capacity
[10-04 06:31:12] create mhc-exp11-od9543618 (v6e-8, on-demand) in us-south1-a failed: capacity
[10-04 06:31:17] create mhc-exp11-od9543618 (v6e-8, on-demand) in us-south1-c failed: capacity
[10-04 06:31:51] v6e-d768-a-global-h4-prepost-lr7.5e-4-s1: done — exit 0 in 1988s on mhc-exp11-642934 (us-central1-b), val 3.9289, tok/s 54482, preempted 0x
[10-04 06:31:54] v6e-a-global-h4-res-lr0.7x-s1: started on mhc-exp11-642934 chip 0
[10-04 06:32:16] create mhc-exp11-od9543618 (v6e-8, on-demand) in asia-southeast1-b failed: capacity
[10-04 06:32:21] create mhc-exp11-od9543618 (v6e-4, on-demand) in us-central1-a failed: capacity
[10-04 06:32:29] create mhc-exp11-od9543618 (v6e-4, on-demand) in us-central1-b failed: User does not have permission to submit requests for accelerator type \
[10-04 06:32:35] create mhc-exp11-od9543618 (v6e-4, on-demand) in us-central1-c failed: capacity
[10-04 06:32:47] create mhc-exp11-od9543618 (v6e-4, on-demand) in us-south1-a failed: capacity
[10-04 06:32:52] create mhc-exp11-od9543618 (v6e-4, on-demand) in us-south1-c failed: capacity
[10-04 06:33:49] create mhc-exp11-od9543618 (v6e-4, on-demand) in asia-southeast1-b failed: capacity
[10-04 06:34:12] v6e-a-global-h4-post-lr0.7x-s0: done — exit 0 in 1300s on mhc-exp11-642934 (us-central1-b), val 4.1209, tok/s 84653, preempted 0x
[10-04 06:34:14] v6e-a-global-h4-prepost-lr0.7x-s1: started on mhc-exp11-642934 chip 5
[10-04 06:34:21] create mhc-exp11-od9565419 (v6e-8, on-demand) in us-east1-d failed: User does not have permission to submit requests for accelerator type \
[10-04 06:34:29] create mhc-exp11-od9565419 (v6e-4, on-demand) in us-east1-d failed: User does not have permission to submit requests for accelerator type \
[10-04 06:36:52] v6e-a-global-h4-res-lr0.7x-s0: done — exit 0 in 1292s on mhc-exp11-642934 (us-central1-b), val 4.1219, tok/s 83952, preempted 0x
[10-04 06:36:55] v6e-a-global-h4-pre-lr0.7x-s2: started on mhc-exp11-642934 chip 1
[10-04 06:37:05] create mhc-exp11-od9581521 (v6e-8, on-demand) in us-central1-b failed: User does not have permission to submit requests for accelerator type \
[10-04 06:37:58] status: 207/219 done, 3 queued, 9 running on 2 VMs, spent $123.02
[10-04 06:38:03] create mhc-exp11-od9587822 (v6e-4, on-demand) in us-central1-b failed: User does not have permission to submit requests for accelerator type \
[10-04 06:39:13] v6e-d768-a-global-h4-prepost-lr7.5e-4-s2: done — exit 0 in 1941s on mhc-exp11-642934 (us-central1-b), val 3.9364, tok/s 55790, preempted 0x
[10-04 06:39:26] v6e-a-global-h4-prepost-lr0.7x-s0: done — exit 0 in 1296s on mhc-exp11-642934 (us-central1-b), val 4.1355, tok/s 84199, preempted 0x
[10-04 06:39:29] v6e-a-global-h4-post-lr0.7x-s2: started on mhc-exp11-642934 chip 2
[10-04 06:39:31] v6e-a-global-h4-res-lr0.7x-s2: started on mhc-exp11-642934 chip 3
[10-04 06:39:40] create mhc-exp11-od9597123 (v6e-8, on-demand) in us-east1-d failed: User does not have permission to submit requests for accelerator type \
[10-04 06:39:51] create mhc-exp11-od9597123 (v6e-4, on-demand) in us-east1-d failed: User does not have permission to submit requests for accelerator type \
[10-04 06:40:46] v6e-d768-a-global-h4-prepost-lr7.5e-4-s3: done — exit 0 in 1981s on mhc-exp11-642934 (us-central1-b), val 3.9219, tok/s 54844, preempted 0x
[10-04 06:40:49] v6e-a-global-h4-prepost-lr0.7x-s2: started on mhc-exp11-642934 chip 6
[10-04 06:43:07] v6e-a-global-h4-pre-lr0.7x-s1: done — exit 0 in 1526s on mhc-exp11-82553115 (us-central1-b), val 4.1371, tok/s 70875, preempted 0x
[10-04 06:43:08] v6e-d768-a-global-h4-prepost-lr7.5e-4-s4: done — exit 0 in 1940s on mhc-exp11-642934 (us-central1-b), val 3.9548, tok/s 55870, preempted 0x
[10-04 06:44:28] deleted mhc-exp11-82553115 (no jobs left)
[10-04 06:52:20] v6e-a-global-h4-post-lr0.7x-s1: done — exit 0 in 1359s on mhc-exp11-642934 (us-central1-b), val 4.1046, tok/s 81053, preempted 0x
[10-04 06:53:25] status: 213/219 done, 0 queued, 6 running on 1 VMs, spent $125.49
[10-04 06:55:43] v6e-a-global-h4-res-lr0.7x-s1: done — exit 0 in 1323s on mhc-exp11-642934 (us-central1-b), val 4.1073, tok/s 82488, preempted 0x
[10-04 06:58:03] v6e-a-global-h4-prepost-lr0.7x-s1: done — exit 0 in 1317s on mhc-exp11-642934 (us-central1-b), val 4.1086, tok/s 82289, preempted 0x
[10-04 07:00:32] v6e-a-global-h4-pre-lr0.7x-s2: done — exit 0 in 1345s on mhc-exp11-642934 (us-central1-b), val 4.1206, tok/s 83361, preempted 0x
[10-04 07:02:52] v6e-a-global-h4-post-lr0.7x-s2: done — exit 0 in 1299s on mhc-exp11-642934 (us-central1-b), val 4.1121, tok/s 84280, preempted 0x
[10-04 07:03:05] v6e-a-global-h4-res-lr0.7x-s2: done — exit 0 in 1283s on mhc-exp11-642934 (us-central1-b), val 4.1337, tok/s 84572, preempted 0x
[10-04 07:04:21] v6e-a-global-h4-prepost-lr0.7x-s2: done — exit 0 in 1318s on mhc-exp11-642934 (us-central1-b), val 4.1147, tok/s 82936, preempted 0x
[10-04 07:05:44] deleted mhc-exp11-642934 (no jobs left)
[10-04 07:05:44] batch finished: 219 done, failed []; spent $127.14
